,EntryID,SignFrequency(M),Iconicity(M),Neighborhood Density 2.0,SignType,LexicalClass
0,1_dollar,3.034,1.074,0,5,7
1,5_dollars,5.12,5.481,4,1,7
2,8_hour,4.267,2.654,0,5,1
3,9_oclock,4.133,2.741,4,1,1
4,a-line_bob,4.273,3.769,4,4,7
5,a_little_bit,2.963,2.833,3,1,6
6,abbreviate,5.444,1.889,1,0,2
7,about_1,5.48,2.067,2,2,5
8,about_2,3.522,2.133,0,5,5
9,absolutely_nothing,2.957,1.5,3,1,1
10,accent,3.094,1.917,1,1,7
11,accept,5.5,2.739,1,4,2
12,access,5.0360000000000005,2.565,6,5,7
13,accident,4.12,3.3,1,4,2
14,accomplish,4.467,1.963,0,4,2
15,accordion,1.737,6.065,7,4,7
16,accountant,3.24,2.476,6,5,7
17,acquire,5.25,2.35,3,4,2
18,act,4.28,1.6,8,4,2
19,action,4.533,2.2,2,4,7
20,actor,4.44,1.524,8,4,7
21,add,5.188,2.9,0,0,2
22,addict,4.25,2.391,2,1,7
23,address,4.8889999999999985,1.486,5,4,7
24,admire,4.4830000000000005,1.652,0,4,2
25,admit,4.633,3.84,4,1,2
26,adopt,4.414,1.435,1,4,2
27,adult,4.6,2.229,2,4,7
28,advantage,4.714,1.375,7,5,6
29,advertise,4.207,1.913,0,2,2
30,africa,3.667,2.1,0,1,7
31,after,3.88,3.2,1,2,5
32,afternoon,5.8,1.4580000000000002,2,1,7
33,again,6.067,2.04,0,2,2
34,against,4.4289999999999985,3.75,17,2,6
35,age,5.4,1.7,1,1,7
36,agency,4.0,2.2,0,4,7
37,agreement,5.033,3.148,46,1,7
38,airplane,4.808,1.773,4,1,7
39,alarm,4.4,1.6669999999999998,4,5,7
40,alaska,2.556,1.1740000000000002,0,1,3
41,alcohol,5.332999999999998,1.531,0,0,7
42,align,4.75,1.913,6,4,2
43,all,5.3,2.8,3,2,5
44,all_day,5.464,3.304,23,1,4
45,all_gone,4.69,2.739,11,1,4
46,all_of_sudden,4.37,4.8,1,1,4
47,all_over,4.433,4.64,7,1,4
48,all_over_body,3.407,6.207999999999998,9,4,5
49,all_together,4.567,4.0,2,4,4
50,all_way,4.083,4.0,7,1,4
51,alone,3.963,2.161,4,1,6
52,alphabet,3.88,2.633,6,1,7
53,alright,5.31,1.87,11,2,6
54,always,6.103,3.13,12,1,4
55,amazing,4.7780000000000005,3.097,4,1,6
56,america,4.5,1.5930000000000002,2,4,3
57,analyze,5.259,2.129,0,4,2
58,and,5.207999999999998,1.567,6,1,5
59,angel,3.167,4.667,1,4,7
60,angry,4.96,2.741,1,4,6
61,animal,5.4,1.6,5,4,7
62,announce,4.6,4.2,0,4,2
63,answer,5.067,2.7,1,4,2
64,antlers,3.5380000000000003,6.03,4,4,7
65,any,5.259,1.867,3,1,5
66,anyone,4.214,2.0,3,1,5
67,apart,4.7189999999999985,5.067,2,4,6
68,appear,4.9,2.361,1,5,2
69,apple,5.72,1.619,3,1,7
70,appointment,5.033,1.767,0,2,7
71,april,3.786,1.261,8,1,3
72,archeology,2.333,2.476,0,5,7
73,area,5.0710000000000015,2.783,0,5,7
74,argue,5.222,3.469,9,4,2
75,arizona,3.552,1.13,3,1,3
76,arm,2.9,6.5139999999999985,8,1,7
77,arm_2,3.2,5.96,9,1,7
78,arm_3,3.0,6.292000000000002,9,1,7
79,army,3.76,3.037,8,4,7
80,arrest_1,2.963,5.917000000000002,7,4,2
81,arrest_2,4.8889999999999985,1.92,3,4,2
82,arrest_3,3.76,5.16,0,1,2
83,arrive,5.332999999999998,2.324,3,2,2
84,art,4.767,3.067,2,5,7
85,article,4.633,3.2,0,5,7
86,articulate_sign,4.833,2.792,4,4,2
87,asia,4.516,1.73,0,1,7
88,ask,5.24,2.133,5,1,2
89,assembly,2.643,1.435,10,1,2
90,assign,3.25,3.174,0,1,2
91,assist,4.793,1.696,1,2,2
92,assistant,4.7780000000000005,1.813,2,2,7
93,astronaut,2.407,1.226,4,5,7
94,at,2.643,1.875,3,2,5
95,athlete,3.5860000000000003,1.261,9,1,7
96,atlanta,4.458,1.2,3,1,3
97,attention,5.8,4.81,10,4,7
98,attitude,4.345,1.609,0,1,7
99,audience,4.538,2.156,7,4,7
100,auditorium,4.185,1.839,12,4,7
101,aunt,3.625,1.833,0,1,7
102,australia,3.069,1.1740000000000002,2,4,3
103,autism_1,3.4810000000000003,1.97,6,4,7
104,autism_2,4.704,1.56,0,5,7
105,automatic,4.067,1.5,0,5,6
106,average,5.154,2.3,10,2,6
107,avoid,5.314,2.0,4,2,2
108,awake,5.259,4.3,2,4,6
109,award,5.222,2.4,4,4,2
110,away,4.481,5.742000000000001,0,1,5
111,awkward,4.2,2.5380000000000003,0,4,7
112,axe_1,2.741,4.063,10,1,7
113,axe_2,1.76,5.05,4,1,2
114,baby,5.0,6.832999999999998,24,4,7
115,baby_2,3.455,2.6,14,1,7
116,babysitter,3.963,4.6560000000000015,24,4,7
117,bachelor,4.147,1.24,8,1,7
118,back,4.731,5.457999999999998,4,1,4
119,back_out,4.259,3.636,1,5,2
120,back_up,4.148,4.258,4,4,2
121,backpack_1,3.28,3.545,0,4,7
122,backpack_2,3.44,3.71,6,4,7
123,backyard,3.37,3.333,4,1,7
124,bacon,5.0,3.381,1,4,7
125,bad,5.5,1.567,1,1,6
126,badge,2.25,6.063,1,4,7
127,bag,5.452000000000001,5.73,5,1,7
128,bag_2,3.2110000000000003,1.5,1,1,7
129,bake_1,4.333,1.919,0,2,2
130,bake_2,5.12,2.259,2,2,2
131,balance,4.067,5.63,11,4,7
132,bald,3.593,4.1610000000000005,0,1,6
133,ball,4.633,5.37,14,4,7
134,balloon,2.852,4.967,2,4,7
135,banana,3.875,5.381,0,5,7
136,banana_2,4.32,2.458,0,5,7
137,banana_3,1.538,2.2,2,2,7
138,banana_4,4.615,3.4,1,5,7
139,band_aid_1,2.864,4.097,0,5,7
140,band_aid_2,3.893,4.1,1,5,7
141,bandage,3.0,5.091,0,2,7
142,bank,4.7410000000000005,1.161,2,1,7
143,bar,4.087,2.19,5,1,7
144,barely,4.8210000000000015,1.7919999999999998,5,1,4
145,bark_1,3.448,2.64,1,4,2
146,bark_2,5.222,3.96,1,4,2
147,bark_3,3.087,4.333,0,1,2
148,barrette,2.577,4.633,1,1,7
149,baseball,4.12,6.5710000000000015,16,4,7
150,baseball_cap,4.48,5.5310000000000015,10,1,7
151,basement,2.867,3.167,1,5,7
152,basic,4.771,1.808,0,2,6
153,basket_1,2.833,1.55,2,1,7
154,basket_2,4.471,4.04,7,4,7
155,basketball,5.04,3.381,4,4,7
156,basketball_2,2.4290000000000003,5.3039999999999985,8,1,7
157,basketball_3,4.963,1.92,0,4,7
158,bat_1,2.435,3.406,0,4,7
159,bat_2,4.629,6.615,16,4,7
160,bat_3,3.731,7.0,10,4,2
161,bath,4.92,2.0,9,4,7
162,bathroom,6.556,1.3,6,1,7
163,bathtub,3.955,2.292,6,4,7
164,battery,5.148,1.8,4,4,7
165,beach,3.846,3.313,1,5,7
166,beak,1.842,4.381,1,1,7
167,beanie,3.115,5.438,0,4,7
168,beans,2.806,2.0,1,5,7
169,bear,3.115,3.0,1,4,7
170,beard,3.3,6.1389999999999985,4,4,7
171,beat,3.24,1.625,0,5,2
172,beaver,4.84,2.613,8,1,7
173,because,4.24,1.296,1,1,5
174,become,4.357,2.261,10,4,2
175,bed,6.12,6.095,5,1,7
176,bed_2,6.28,5.9620000000000015,9,4,7
177,bedroom,4.444,4.0,4,4,7
178,bee_1,3.4,1.75,3,1,7
179,bee_2,3.821,2.08,3,1,7
180,beer,4.76,1.3330000000000002,8,1,7
181,before,4.667,4.152,1,2,5
182,beg,3.815,2.9,0,5,2
183,behavior,3.741,1.481,2,4,7
184,behind,4.2,2.633,1,2,5
185,believe,5.37,2.355,46,1,2
186,believe_2,5.926,0.0,5,1,2
187,bell,2.833,3.75,4,5,7
188,belt,2.13,6.524,0,4,7
189,belt_2,3.688,4.267,0,4,2
190,bend,3.28,6.0,0,4,2
191,benefit,3.0,1.645,1,1,7
192,berry,3.6,1.76,1,5,7
193,best,5.926,2.839,2,1,6
194,bet,4.385,2.517,4,4,2
195,better,6.37,1.909,2,1,6
196,between,4.448,3.304,10,2,6
197,bib,3.563,4.8,4,4,7
198,bicycle,5.185,5.484,14,4,7
199,big,3.474,2.226,1,4,6
200,bind,4.167,5.25,1,4,2
201,binoculars,2.375,6.952000000000001,3,4,7
202,biology,3.444,1.367,4,4,7
203,bird,5.1610000000000005,4.553,1,1,7
204,birth,4.367,2.519,2,2,7
205,birthday,5.185,1.242,3,1,7
206,bison,2.667,3.267,2,4,7
207,bitch,4.292,2.25,8,1,7
208,bite,3.8,6.207999999999998,2,1,2
209,bite,4.167,5.563,0,5,2
210,bite_on_arm,4.37,5.115,4,1,2
211,bite_on_neck,2.167,6.332999999999998,0,1,2
212,black,5.92,1.2,0,1,6
213,blackbird,4.84,1.76,2,1,7
214,blame,3.615,1.733,0,5,2
215,blank,2.4290000000000003,2.3040000000000003,5,4,6
216,blanket,4.375,3.286,3,4,7
217,bleed,4.379,1.652,47,1,2
218,bless,4.259,2.313,2,4,2
219,blind,3.32,3.885,4,1,6
220,blinds_1,2.2,4.267,0,4,7
221,blinds_2,1.826,3.889,10,4,7
222,blink,4.37,5.9689999999999985,1,4,2
223,blond,4.625,2.724,2,1,6
224,blood,3.6,2.0,47,1,7
225,bloom,2.522,5.65,7,4,2
226,blouse,2.8,2.72,2,1,7
227,blow,2.781,5.065,3,4,2
228,blow_candle_1,3.385,5.28,0,5,2
229,blow_candle_2,3.609,5.957999999999998,19,1,2
230,blow_mind,3.577,0.0,46,1,2
231,blue,4.63,1.074,1,1,6
232,blur,3.643,2.174,0,4,2
233,blush,2.81,3.609,0,4,2
234,board,4.5,1.25,0,1,7
235,boat,3.704,2.314,17,4,7
236,body,4.84,5.556,6,4,7
237,boil_1,4.308,3.043,11,4,2
238,boil_2,2.955,3.269,0,5,2
239,boiling_mad,4.3210000000000015,2.696,1,5,6
240,bolt,1.25,3.1210000000000004,0,1,2
241,bomb,2.87,3.968,0,4,7
242,bone,3.167,2.467,5,4,7
243,book,6.6770000000000005,6.684,7,4,7
244,boots,2.9330000000000003,1.371,5,4,7
245,boots_2,2.789,1.192,17,4,7
246,bored,5.8,1.37,1,1,6
247,bored_2,4.458,2.462,0,2,6
248,borrow,4.96,1.433,2,4,2
249,boss,5.24,1.8,4,1,7
250,boston,4.345,1.391,4,1,3
251,both,5.815,2.4,0,5,5
252,bother,5.0710000000000015,2.0,3,2,2
253,bottle,3.846,4.258,2,5,7
254,bottom,1.643,3.313,5,1,7
255,bounce,2.36,6.0,8,1,2
256,bow_1,2.593,4.667,0,4,7
257,bow_2,2.375,4.188,3,4,7
258,bow_3,2.481,3.0610000000000004,0,5,2
259,bow_4,2.857,6.832999999999998,0,1,2
260,bowl,4.933,4.056,7,4,7
261,bowling,2.346,2.6,4,1,7
262,bowling_2,4.074,5.8,14,1,2
263,bowtie,1.903,5.077,0,4,7
264,box,4.833,4.8889999999999985,13,4,7
265,boxing,3.115,6.75,14,4,2
266,boy,6.16,1.3330000000000002,1,1,7
267,boyfriend,5.407,1.719,0,1,7
268,bra,3.24,6.19,2,4,7
269,bra_2,4.08,4.84,1,1,7
270,bra_3,4.28,4.875,8,1,7
271,bracelet,3.48,6.5710000000000015,5,1,7
272,brag,3.72,3.733,6,4,2
273,braids,3.48,3.615,0,4,7
274,braille,2.148,4.061,1,5,7
275,brainstorm,4.167,3.708,46,1,2
276,brainwash,3.743,4.692,46,1,2
277,brave,4.522,2.533,5,4,6
278,bread,5.259,1.433,0,5,7
279,break,5.148,5.9670000000000005,10,4,2
280,break_down,5.037,4.182,11,4,2
281,breakdown,4.333,3.741,11,4,2
282,breakfast_1,6.037000000000001,0.0,10,1,7
283,breakfast_2,4.6789999999999985,1.5830000000000002,3,1,7
284,breaktime,5.414,2.625,0,5,7
285,breathe,4.038,5.391,1,4,2
286,brick,4.6789999999999985,3.913,6,4,7
287,bridesmaid,3.0,2.333,16,4,7
288,bridge,4.2,3.286,1,1,7
289,bridge_2,4.52,2.833,2,1,7
290,bright,5.63,5.545,8,4,6
291,bring,6.185,5.03,24,4,2
292,brother,5.48,1.074,12,1,7
293,brown,4.923,1.24,8,1,6
294,brush,3.733,6.622000000000001,10,1,7
295,bubbles,2.393,4.103,0,4,7
296,buckle_1,4.76,4.292,0,0,7
297,buckle_2,3.44,2.192,0,5,7
298,budget,4.2860000000000005,1.577,16,2,7
299,buffalo,3.192,4.0,1,1,7
300,bug,4.36,2.963,1,1,7
301,building,5.36,2.857,1,4,7
302,bull,2.613,5.808,5,1,7
303,bulldozer,2.852,3.083,8,5,7
304,bullshit,5.1720000000000015,1.609,2,1,6
305,bumpy,1.364,3.44,0,5,6
306,bun,3.833,4.769,0,1,7
307,burn_1,2.893,3.72,3,4,2
308,burp,1.529,4.645,0,1,2
309,bury,4.63,2.04,3,4,2
310,bury_1,4.375,2.375,0,5,2
311,bury_2,3.136,3.0,2,2,2
312,bury_3,3.458,2.833,24,4,2
313,bus,5.2,1.115,2,1,7
314,business,5.185,1.444,2,2,7
315,busted,4.593,2.759,10,4,6
316,busy,5.6560000000000015,2.367,2,2,6
317,but,5.654,2.25,13,4,5
318,butter,5.065,1.944,1,5,7
319,butterfly,3.72,6.5710000000000015,1,4,7
320,buttons,3.0,6.2,5,1,7
321,buy,5.577000000000001,3.08,5,5,2
322,bye,6.057,6.96,4,1,7
323,cabbage,4.0,1.074,2,1,7
324,cabinet,2.9,3.233,0,4,7
325,cafeteria,4.519,1.767,2,1,7
326,cake,3.2960000000000003,2.0,2,5,7
327,calculator,3.074,3.438,3,5,7
328,calendar,5.296,1.839,1,5,7
329,california,5.107,1.217,1,1,3
330,call,4.967,6.481,2,1,2
331,call_2,4.467,1.52,0,0,2
332,call_attention,4.5,1.7,0,5,2
333,call_tty,3.4,1.267,2,5,2
334,calm,5.148,4.4,8,4,6
335,camcorder,4.7,2.656,6,1,2
336,camel,2.6,4.2410000000000005,6,1,7
337,camera,4.8,6.7,0,5,7
338,cameraman,2.281,4.097,0,0,7
339,camping,4.355,2.667,1,4,7
340,can,6.0,1.68,14,4,2
341,can_2,3.053,2.167,0,5,7
342,canada,3.6,1.056,7,1,3
343,cancellation,3.933,4.7780000000000005,10,5,7
344,cancer_1,4.423,2.095,1,1,7
345,cancer_2,3.963,1.606,0,5,7
346,candle,3.733,3.639,0,5,7
347,candy_1,4.419,1.897,2,1,7
348,candy_2,4.654,1.233,4,1,7
349,cannon,2.577,3.625,11,1,7
350,cannot,5.813,3.483,5,2,2
351,canoe,2.222,5.806,13,4,7
352,cape,1.6,3.576,2,4,7
353,caption,5.2,2.63,12,4,7
354,capture,4.25,4.542,0,5,2
355,car,6.556,6.2,14,4,7
356,car_accident,3.933,3.933,0,4,2
357,car_battery,3.314,1.88,0,4,7
358,cards,4.103,6.435,0,0,7
359,careful,5.32,1.467,5,4,6
360,carousel,2.0,2.88,2,4,2
361,carrot,3.2960000000000003,3.533,0,1,7
362,carrot_2,4.042,2.44,3,1,7
363,carrot_3,2.2,2.346,4,1,7
364,carry,4.267,4.72,36,4,2
365,carve,4.08,2.958,0,5,2
366,castle,1.579,3.54,1,4,7
367,castle_2,2.273,2.24,0,4,7
368,castle_3,2.4,1.375,8,4,7
369,castle_4,2.455,3.462,5,4,7
370,casual,5.25,1.826,8,4,6
371,cat,5.097,4.618,9,1,7
372,cat_2,5.332999999999998,3.875,6,4,7
373,cat_3,5.12,3.88,0,4,7
374,catapult,1.5,6.097,14,1,2
375,catch_1,3.667,5.438,2,4,2
376,catch_2,2.778,5.75,6,1,2
377,catch_3,3.72,5.922999999999999,6,1,2
378,catch_baseball,3.826,5.667000000000002,3,5,2
379,category,6.314,1.346,5,4,7
380,catepillar,2.76,4.172,3,5,7
381,catholic,2.92,5.1,0,1,6
382,caught,4.037,5.391,0,5,2
383,cause,3.778,2.028,4,4,2
384,ceiling,2.759,4.917,3,4,7
385,celebrate,4.933,2.2,0,4,2
386,celery,2.704,0.0,0,1,7
387,cellphone,4.667,4.04,3,1,7
388,cemetery,3.0,1.95,5,4,7
389,center,3.4330000000000003,3.333,2,2,7
390,cereal,4.7410000000000005,1.467,10,1,7
391,certificate,4.583,1.846,9,4,7
392,chain,3.375,4.414,2,4,7
393,chair,5.714,1.979,6,0,7
394,challenge,4.48,3.276,7,4,7
395,champ,5.448,1.4780000000000002,2,5,7
396,champion,5.815,1.742,1,5,7
397,chance,4.208,1.381,7,4,7
398,change,6.371,3.2310000000000003,0,4,2
399,channel,2.9330000000000003,3.484,4,1,7
400,chaos,5.185,2.25,8,4,7
401,character,3.625,1.5,1,1,7
402,charge,5.296,3.469,14,5,2
403,charge_card,5.4060000000000015,3.4330000000000003,1,5,2
404,chase,4.815,3.333,0,2,2
405,chat,5.5,1.867,10,4,2
406,cheap,5.926,2.194,2,2,6
407,cheat_1,4.037,1.533,1,5,2
408,cheat_2,2.56,1.3330000000000002,1,1,2
409,check,5.0,6.0,0,5,2
410,cheek,3.692,6.1,9,1,7
411,cheer,3.4810000000000003,5.783,4,4,2
412,cheerleader_1,2.32,3.609,6,4,7
413,cheerleader_2,4.407,1.56,4,4,2
414,cheese,5.63,1.7,0,2,7
415,cheese_grater,1.2,5.1560000000000015,0,5,7
416,cherish,5.067,3.04,5,4,2
417,cherry,3.69,2.2,2,5,7
418,cherry_2,4.96,1.5830000000000002,1,5,7
419,chew_1,3.0,3.563,47,1,2
420,chew_2,2.353,4.0,0,1,2
421,chew_2_mouth,2.957,4.28,2,1,2
422,chew_3,3.095,2.75,0,5,2
423,chew_4,3.542,2.615,2,4,2
424,chicago,3.259,1.118,8,1,3
425,child,4.815,3.938,7,1,7
426,children,5.4670000000000005,2.037,10,4,7
427,chimney,2.696,3.633,0,2,7
428,chin_2,5.08,6.806,2,1,7
429,china,3.0380000000000003,1.083,2,1,3
430,chocolate,5.56,1.529,2,5,7
431,choke,3.731,5.8,8,1,2
432,chop,5.185,5.742000000000001,4,2,2
433,chopsticks,4.704,3.633,1,1,7
434,christmas_1,4.0,1.531,14,1,7
435,christmas_3,3.69,1.1740000000000002,6,1,7
436,church,3.267,1.769,6,5,7
437,churn,2.516,5.417000000000002,16,4,2
438,cigar,2.25,3.633,1,1,7
439,cigarette,3.367,1.586,0,5,7
440,circle,3.656,6.6,4,1,7
441,circuswheel,2.778,3.583,2,4,7
442,city,4.5,3.148,24,4,7
443,city_2,6.082999999999998,1.375,4,4,7
444,clap,3.222,6.767,24,4,2
445,clash,5.778,4.24,8,4,2
446,class,4.72,1.167,2,4,7
447,clause,4.63,4.7810000000000015,0,4,7
448,claw,2.192,4.0939999999999985,0,5,7
449,clean,4.8210000000000015,3.733,11,2,2
450,clear,4.269,3.667,7,4,6
451,cleftchin,2.696,5.36,15,1,7
452,click,4.926,5.032,0,1,2
453,client,4.533,0.0,6,4,7
454,climb_ladder,3.926,6.697,6,4,2
455,clip,4.517,3.875,0,5,2
456,clock,2.704,5.484,10,1,7
457,clock_2,3.667,1.7080000000000002,0,4,7
458,close ,5.577000000000001,0.0,6,4,2
459,close_door,5.6789999999999985,4.958,6,4,2
460,close_eyes,4.8,6.12,1,4,2
461,closet_1,3.24,2.0,1,5,7
462,closet_2,2.758,1.24,0,4,7
463,clothes,5.367000000000001,2.375,3,4,7
464,cloud_1,3.167,4.676,0,4,7
465,cloud_2,3.407,4.371,10,4,7
466,cloud_3,3.478,3.917,8,4,7
467,cloud_4,5.542000000000002,3.76,10,4,7
468,clown,2.68,4.952,4,1,7
469,clueless,5.1110000000000015,3.938,11,1,6
470,coach,1.3330000000000002,1.5830000000000002,0,1,7
471,cocacola,2.846,1.0,0,1,3
472,cocaine,3.0,5.0939999999999985,1,1,7
473,coconut,3.593,4.067,5,4,7
474,coffee,6.3870000000000005,2.286,1,2,7
475,coins,1.632,1.914,5,5,7
476,cold,5.9,4.7780000000000005,2,4,6
477,college,5.783,1.629,21,2,7
478,color,5.533,1.115,3,1,7
479,comb,3.0,6.185,4,1,2
480,comb_2,5.24,6.192,10,1,7
481,come,4.833,6.25,4,1,2
482,come_here,4.2860000000000005,6.75,3,1,2
483,come_out,4.4689999999999985,4.655,4,5,2
484,comfortable,4.926,2.458,0,4,6
485,comment,4.607,2.2,6,4,2
486,committee,4.414,1.435,4,1,7
487,communication,5.76,4.4,3,4,7
488,community,5.1,1.4580000000000002,4,4,7
489,commute,4.407,1.917,7,5,2
490,compass,2.593,2.844,14,5,7
491,complain,5.519,2.0340000000000003,3,1,2
492,complex,4.5,1.833,1,4,6
493,computer,3.7,1.342,6,4,7
494,computer_mouse,3.9,4.7,2,1,7
495,concept,3.273,3.333,6,1,7
496,concerned,5.259,2.813,5,4,2
497,conduct_1,3.273,6.4,7,4,2
498,conduct_2,2.9,5.832999999999998,6,1,2
499,conduct_3,2.526,6.12,3,1,2
500,confident,4.963,1.6669999999999998,9,4,6
501,confidential,5.444,3.484,9,1,6
502,conflict,4.867,3.96,16,4,2
503,confused_1,5.1,4.25,4,1,6
504,confused_2,4.633,3.16,46,1,6
505,congratulations,4.8,5.5,9,4,5
506,connection,3.793,4.31,0,4,7
507,consume,4.5,3.75,0,1,2
508,contact,5.4620000000000015,4.182,6,4,7
509,contact_lens,3.438,4.267,0,1,2
510,continue,4.615,2.742,4,4,2
511,convince,4.926,1.6669999999999998,0,5,2
512,convince_2,4.0360000000000005,2.292,9,4,2
513,cook,6.077000000000001,3.12,2,2,2
514,cookie,4.96,3.267,0,3,7
515,cool_1,6.037000000000001,2.818,2,1,6
516,cool_3,4.296,2.833,4,1,6
517,cool_4,5.393,1.7919999999999998,4,1,6
518,cool_5,4.433,4.083,1,4,6
519,cooperate,5.143,2.846,6,4,2
520,copy,4.63,2.114,1,5,2
521,corkscrew,2.85,5.135,0,2,7
522,corkscrew_2,2.579,5.6,0,5,2
523,corn_1,4.185,4.1,0,1,7
524,corn_2,2.0,3.692,4,4,7
525,corn_3,3.474,3.292,0,4,7
526,corner,4.103,4.913,24,4,7
527,correct,4.6,3.36,10,5,2
528,cost,5.138,2.438,14,5,2
529,couch_1,2.591,2.656,11,4,7
530,cough,3.5,4.815,3,1,7
531,counselor,4.84,1.643,3,5,7
532,count,4.556,2.5,7,5,2
533,country,3.9,1.028,0,1,7
534,cousin,4.133,1.233,4,1,7
535,cover_up,3.429,2.889,10,2,2
536,cow,3.677,2.778,1,1,7
537,cowboy,1.278,1.788,0,4,7
538,crack,3.926,3.774,14,2,2
539,cracker,3.867,1.267,6,1,7
540,cracker_2,3.083,1.385,6,1,7
541,cranky,5.143,3.417,1,1,6
542,crash,3.9,4.72,1,5,2
543,crash_plane,4.037,4.5,0,5,2
544,crawl,2.296,2.914,0,5,2
545,crawl_2,4.375,5.832999999999998,13,4,2
546,crazy,2.962,6.36,31,1,6
547,cream,4.407,1.806,0,5,7
548,cream_2,4.185,1.76,0,5,7
549,create,5.308,2.2,6,4,2
550,credit_card,4.56,2.033,2,5,7
551,crewcut,4.87,2.875,0,4,7
552,criticize,5.332999999999998,4.2810000000000015,3,5,2
553,crocodile,2.519,5.441,14,4,7
554,cross,1.967,6.4670000000000005,7,1,7
555,cross_2,4.1789999999999985,4.75,6,2,2
556,cross_3,4.88,6.48,1,1,7
557,cross_heart,2.5,6.167000000000002,0,1,2
558,crown,3.259,5.332999999999998,0,4,7
559,crumple,2.833,4.8,7,4,2
560,cry,4.44,6.567,4,4,2
561,cry_2,3.926,4.84,0,4,2
562,cry_3,4.2,6.25,0,4,2
563,cry_4,4.125,7.0,0,1,2
564,culture,5.7860000000000005,1.9,0,5,7
565,cup,5.742000000000001,2.897,8,5,7
566,curious,5.852,1.625,1,1,6
567,curl,1.818,3.375,1,1,2
568,curl_2,2.25,4.88,0,1,2
569,curly_hair,2.619,4.625,1,4,6
570,curtain,2.444,4.9,1,4,7
571,curtsey_1,2.667,6.5,0,4,2
572,curtsey_2,3.667,4.04,2,5,2
573,cut_1,3.241,6.332999999999998,0,1,2
574,cut_2,4.444,5.4689999999999985,0,5,2
575,cute_1,5.2,3.267,2,1,6
576,cute_2,4.5,1.533,2,1,6
577,damn,4.7780000000000005,2.758,6,1,5
578,dance,3.96,3.4,3,5,7
579,dancer,3.185,2.4,3,5,7
580,danger,4.25,1.586,4,5,7
581,dark_1,5.6,0.0,8,4,6
582,dark_2,5.483,3.783,3,4,6
583,dart,1.643,6.3889999999999985,3,1,7
584,date,5.222,0.0,2,4,7
585,daughter,5.5,2.742,4,1,7
586,day,4.7330000000000005,2.7,18,1,7
587,deaf_1,6.769,4.061,4,1,6
588,deaf_2,2.167,4.0,11,1,6
589,deaf_school,5.4289999999999985,3.0,4,1,7
590,deal_cards,2.048,3.48,6,4,2
591,death,4.484,2.568,9,4,7
592,decide_1,4.24,2.3,46,1,2
593,decide_2,4.962,1.87,0,4,2
594,decline,3.444,3.906,1,1,2
595,decorate_1,5.481,2.16,10,4,2
596,decorate_2,3.125,1.5830000000000002,13,4,2
597,dedicate_1,5.296,1.6880000000000002,47,1,2
598,dedicate_2,2.792,1.773,3,4,2
599,deep,3.567,4.5,12,5,6
600,deer,3.36,5.381,6,4,7
601,defeat,3.2,3.136,6,1,2
602,deflate,4.5710000000000015,4.48,0,5,2
603,degree,4.167,2.167,12,4,7
604,delegate,2.13,1.5830000000000002,6,1,2
605,deliberate,4.7860000000000005,2.875,0,4,2
606,delicious,5.48,2.259,0,1,6
607,delinquent,4.593,1.774,1,5,7
608,demand,4.5,2.0,4,3,7
609,demote,3.5860000000000003,3.957,8,4,2
610,dent,2.632,4.417,1,4,2
611,dentist,2.677,3.923,4,1,7
612,dentist_2,5.2,4.48,3,1,7
613,deny,4.0,2.839,6,4,2
614,deodorant,3.968,6.582999999999998,1,1,7
615,department,4.567,1.63,1,4,7
616,depend_on,4.7860000000000005,1.6669999999999998,16,4,2
617,depress,5.0,3.448,6,4,2
618,depth,4.556,5.097,20,5,7
619,desert,2.917,1.81,5,1,7
620,design,4.2410000000000005,2.174,2,5,2
621,dessert,4.63,1.606,2,4,7
622,destroy,4.0,3.267,0,4,2
623,develop_1,4.69,2.3040000000000003,2,2,2
624,develop_2,2.714,2.6,4,5,2
625,devil,3.355,3.378,2,1,7
626,devour,5.778,5.32,0,4,2
627,diamond,2.613,1.816,0,5,7
628,diaper,3.407,3.3,0,4,7
629,dice,3.222,6.129,4,1,2
630,dictionary,3.926,2.333,1,5,7
631,die,4.346,2.839,9,4,2
632,different,5.517,3.625,16,4,6
633,different_situation,4.345,1.4580000000000002,4,1,7
634,dig,2.96,6.0,5,5,2
635,dig_up,3.556,6.4689999999999985,2,4,2
636,dilemma,3.4,2.833,4,4,7
637,dining_room,3.4,2.1,5,1,7
638,dinner_1,4.846,3.048,10,1,7
639,dinner_2,4.655,2.4,1,1,7
640,dinosaur,2.333,3.564,4,1,7
641,dinosaur_2,2.826,2.0,1,1,7
642,dip_1,3.633,5.457999999999998,0,5,2
643,dip_2,3.273,4.96,2,5,2
644,dip_3,3.4760000000000004,5.207999999999998,0,5,2
645,director,4.185,2.35,9,4,7
646,dirty,5.533,2.75,3,1,6
647,disagreement,5.2,2.333,46,1,7
648,disappear,3.741,3.0,1,5,2
649,disappoint,5.296,2.6,16,1,2
650,disconnect,4.7860000000000005,4.65,3,4,2
651,discuss,5.767,2.172,14,5,2
652,dislike,5.444,3.152,8,1,2
653,disney,3.167,1.2,0,1,3
654,dispatch,4.63,3.364,1,2,2
655,disrupt,5.2,3.0,6,4,2
656,dissect,3.517,4.652,2,5,2
657,dissolve,4.655,2.87,2,4,2
658,distracted,4.192,1.871,0,1,2
659,dive_1,2.37,4.065,0,5,2
660,divide,4.563,4.7,10,4,2
661,divorce,4.1,2.9330000000000003,1,4,7
662,dizzy,3.214,4.875,5,1,6
663,do_do,6.4,0.0,2,4,2
664,doctor,4.13,3.81,1,1,7
665,doctor_2,5.0,2.28,1,1,7
666,document,5.0360000000000005,3.35,4,5,7
667,doesnt_matter,6.074,5.03,24,4,2
668,dog,6.257999999999999,1.737,1,1,7
669,dog_2,4.259,1.4,9,1,7
670,dog_3,5.167000000000002,1.6,1,1,7
671,dog_4,4.5,1.75,5,1,7
672,doll,3.333,1.222,12,1,7
673,dolphin,2.5,5.952000000000001,0,1,7
674,dolphin_2,4.28,4.25,0,1,7
675,dolphin_3,3.435,4.154,1,1,7
676,dominant,4.833,3.792,14,4,6
677,donkey,2.533,3.75,1,4,7
678,dont_care,5.5379999999999985,3.45,3,1,2
679,dont_feel_like,5.033,2.0,6,1,2
680,dont_know,6.132999999999999,5.774,2,4,2
681,dont_like,6.1110000000000015,5.242000000000001,2,1,2
682,dont_mind,5.84,3.4330000000000003,46,1,2
683,dont_need,5.714,3.9,1,1,2
684,dont_want,6.0310000000000015,5.267,4,4,2
685,donut,3.259,3.0,2,4,7
686,door,6.32,3.619,0,2,7
687,dormitory,4.323,1.108,0,1,7
688,double,4.857,3.25,2,5,6
689,doubt,5.44,2.185,1,1,2
690,down,4.615,6.8,22,1,5
691,downhill,3.821,5.917000000000002,0,2,4
692,download,3.138,2.667,1,4,2
693,downsize_1,2.3080000000000003,5.484,2,4,2
694,downsize_2,4.1110000000000015,5.226,3,4,2
695,drag,2.5,5.08,9,4,2
696,drag,3.76,3.72,6,1,2
697,dragon,2.556,4.121,1,1,7
698,draw,4.7410000000000005,5.0,2,5,2
699,drawer,2.286,3.417,6,4,7
700,dreadlocks,2.296,5.0,0,4,7
701,dream,4.583,3.233,2,1,7
702,dress,4.72,5.048,2,4,7
703,dress_up,4.655,2.043,3,4,2
704,dresser,3.333,2.406,3,4,7
705,dribble,3.5,4.375,9,1,2
706,drill,2.8080000000000003,4.419,1,5,7
707,drink,6.348,7.0,0,1,7
708,drink_2,4.087,6.692,0,1,2
709,drip,3.0380000000000003,4.0,3,1,2
710,drive,5.813,2.767,14,4,2
711,drop,4.333,5.5,4,4,2
712,drown,1.875,2.611,1,5,2
713,drown_2,4.259,3.92,0,5,2
714,drown_3,3.333,3.167,0,5,2
715,drown_4,4.2,3.2,1,5,2
716,drown_5,2.0,3.24,0,5,2
717,drug,3.417,3.0,3,1,7
718,drum,2.0,6.047999999999999,10,4,7
719,drunk,3.967,1.639,1,1,6
720,dry,5.593,1.875,5,1,6
721,dryer,3.333,3.4,5,1,7
722,duck,3.37,4.5,2,1,7
723,duck_2,4.087,5.292000000000002,3,1,7
724,due,4.185,2.875,7,5,6
725,dumb,4.963,4.333,10,1,6
726,duty,3.2960000000000003,0.0,0,5,7
727,dye,4.296,2.71,8,4,2
728,each,5.222,2.645,1,2,5
729,each_other,4.1789999999999985,2.417,7,4,5
730,eagle,2.846,2.292,11,1,7
731,eagle_2,3.913,1.84,1,1,7
732,ear,2.704,6.832999999999998,6,1,7
733,early,4.04,1.586,4,5,6
734,earmuffs,2.88,6.3820000000000014,7,4,7
735,earn,4.207,1.618,0,5,2
736,earring,3.867,6.528,0,4,7
737,ears_up,4.2410000000000005,4.138,0,4,2
738,earth,3.6,1.4169999999999998,0,5,7
739,earthquake,3.64,3.81,0,5,7
740,easel,5.0,2.781,6,5,7
741,east,4.077,2.375,0,1,7
742,easter,3.1,1.933,0,4,7
743,easy,5.63,2.0,9,2,6
744,easy_to_do,5.615,2.781,1,2,2
745,eat_1,6.84,6.1,5,1,2
746,eat_2,6.68,5.867000000000001,5,1,2
747,eclipse,1.917,3.129,1,4,7
748,edge,2.889,4.563,10,2,7
749,edit_1,3.852,1.517,0,4,2
750,edit_2,3.154,1.844,3,4,2
751,effect,4.0,1.969,3,5,2
752,egg,5.44,1.571,0,4,7
753,egg_beater,2.059,6.154,2,1,2
754,ego,2.2,3.194,0,1,7
755,egypt,2.276,2.222,8,1,3
756,eight,4.379,1.64,3,1,1
757,either,5.332999999999998,2.542,1,0,5
758,electrician,3.148,1.3,4,4,7
759,electrocute,4.2,2.16,1,4,2
760,elegance,4.231,1.875,4,1,7
761,elementary_school,4.138,1.25,0,5,7
762,elephant,3.259,5.5,1,1,7
763,elevator_1,2.72,4.0939999999999985,2,5,7
764,elevator_2,4.519,3.95,3,5,7
765,elevator_3,4.2,4.077,0,5,7
766,eleven,5.857,4.56,0,1,1
767,email,5.292000000000002,1.3330000000000002,1,5,7
768,embarrass,3.7,3.667,5,4,2
769,emotion,4.96,2.733,0,4,7
770,emperor,1.4069999999999998,2.25,0,1,7
771,emphasis,4.926,2.063,1,5,7
772,empty_1,4.0,2.233,4,5,6
773,empty_2,2.9,5.457999999999998,5,4,6
774,end,5.5139999999999985,4.458,11,2,2
775,enemy,4.4060000000000015,2.133,13,4,7
776,energy,5.1110000000000015,1.6880000000000002,0,1,7
777,engagement,2.2,2.63,0,5,7
778,engine_start,4.686,1.192,11,4,2
779,engineer,3.48,1.857,0,0,7
780,english,4.645,1.026,0,2,7
781,enjoy,5.692,3.958,2,4,2
782,enough,4.7410000000000005,3.694,4,5,4
783,enter,5.063,3.9,21,2,2
784,envelope,1.913,3.806,5,1,7
785,envelope_2,5.04,4.208,11,1,7
786,envelope_3,3.474,3.32,3,4,7
787,envelope_4,4.05,3.24,4,4,7
788,envelope_5,2.917,4.25,11,1,7
789,environment,4.867,1.625,0,5,7
790,equal,4.7,4.533,11,4,6
791,erase,4.25,5.3039999999999985,10,5,2
792,erase_2,4.417,5.68,2,1,2
793,erase_3,1.944,5.16,8,1,2
794,erase_4,5.16,4.458,7,1,2
795,erase_5,3.958,5.68,9,1,2
796,eraser,4.633,4.533,2,5,7
797,erupt_1,3.346,6.25,1,5,2
798,erupt_2,3.48,6.28,0,4,2
799,escalate,2.2,4.3,6,1,2
800,escalator,3.889,4.879,2,1,7
801,escape,5.0,2.9330000000000003,5,5,2
802,europe,3.138,1.037,0,1,3
803,evaluate,4.76,2.952,1,4,2
804,even_1,4.593,4.5939999999999985,11,4,4
805,evening,6.556,1.3869999999999998,5,2,7
806,event,5.577000000000001,1.813,3,4,7
807,every_night,5.0,1.92,0,3,4
808,every_year,5.3210000000000015,1.4169999999999998,0,5,4
809,everyday,5.943,1.12,6,1,4
810,everything,5.63,2.6,7,4,5
811,evidence,4.577,2.609,3,5,7
812,example,5.704,2.548,4,5,7
813,excited,6.0360000000000005,3.8,2,4,6
814,excuse,4.269,1.6669999999999998,5,5,7
815,exercise,4.9,4.7,6,4,7
816,expect,5.37,1.548,46,1,2
817,expensive,5.0,2.4330000000000003,0,5,6
818,experience,4.8,1.233,0,1,7
819,experienced,5.407,1.2,0,1,6
820,experiment,4.214,1.833,1,4,7
821,expert,3.75,1.5219999999999998,2,4,6
822,explanation,5.9670000000000005,1.852,8,4,7
823,explode,3.333,4.3,2,4,2
824,express,4.667,3.208,0,4,2
825,eye_turn,4.1789999999999985,5.292000000000002,3,4,2
826,eyeglasses,3.905,6.187,0,4,7
827,eyes,4.967,6.832999999999998,9,1,7
828,eyes_awake,4.32,2.897,6,4,2
829,face,5.114,6.56,9,1,7
830,faculty,4.2,1.8,5,1,7
831,fade,4.4,2.8,3,4,2
832,fail,4.4,2.2,1,0,2
833,faint,2.542,1.714,46,1,2
834,fair,5.704,3.387,11,4,2
835,fake,4.769,2.15,11,1,2
836,fall_1,4.68,1.3,4,1,7
837,fall_2,3.733,3.2,3,1,2
838,falling_asleep,4.25,1.818,2,4,2
839,family,5.9670000000000005,2.0,3,4,7
840,famous,4.2330000000000005,2.0,7,4,6
841,fan,2.926,3.094,5,5,7
842,fantasy,3.536,3.0,0,4,6
843,far,4.115,3.625,3,2,4
844,farm,3.625,1.037,8,1,7
845,fascinated,4.057,1.808,1,4,2
846,fashion,1.133,1.5830000000000002,1,4,7
847,fast,5.034,1.361,2,4,4
848,fat,4.133,6.3,15,4,6
849,father,6.36,1.259,10,1,7
850,faucet,2.577,3.838,4,4,7
851,fault,4.8,2.567,2,1,7
852,favorite,5.48,1.633,3,1,7
853,february,3.963,1.189,2,1,3
854,fed_up,5.886,4.76,0,1,2
855,feed_1,5.038,4.1,3,1,2
856,feed_2,3.0,2.917,0,1,2
857,feedback,4.167,1.5830000000000002,4,4,7
858,feel,5.655,3.63,0,1,2
859,fence_1,4.074,3.103,7,4,7
860,fence_2,3.88,2.4,7,4,7
861,fencing,1.926,5.75,4,1,2
862,few,4.4289999999999985,2.37,0,1,5
863,fiance,4.407,4.0,0,5,7
864,fifth,4.25,3.826,4,1,1
865,fight,4.417,4.333,14,4,2
866,figure,3.69,1.871,2,4,2
867,file_2,3.517,2.826,0,5,2
868,file_3,2.792,4.708,2,4,2
869,file_4,3.0,2.958,11,1,2
870,fill_out,4.893,3.6,0,5,2
871,film,4.44,2.355,1,5,2
872,filter,3.593,2.7060000000000004,12,4,2
873,finally,5.222,2.2430000000000003,0,4,4
874,finance,4.407,1.258,6,5,7
875,find,5.28,1.8,12,1,2
876,fine_1,6.1,3.0,9,1,6
877,fine_2,6.185,3.452,9,1,6
878,finger,2.3480000000000003,5.516,5,1,7
879,fingers_crossed,4.867,6.832999999999998,1,4,5
880,fingerspell,5.32,1.846,5,1,2
881,fingerspelling,5.4,2.7,4,1,7
882,finish,5.8,2.9330000000000003,1,4,2
883,fins,2.3080000000000003,5.357,36,4,7
884,fire,3.4,3.467,11,4,7
885,fired,4.069,2.043,3,5,2
886,fireman,2.9130000000000003,2.067,6,1,7
887,fireman_2,3.318,1.88,4,1,7
888,firetruck,2.222,1.903,7,1,7
889,first,5.767,4.867,4,1,1
890,fish,4.56,4.476,1,2,7
891,fishing,3.185,6.1,0,3,7
892,fishing_2,4.1110000000000015,5.24,0,5,2
893,fit,4.3439999999999985,3.0,11,4,2
894,fix,5.44,2.667,4,4,2
895,flag,3.667,5.407,6,1,7
896,flag_2,4.519,5.75,6,1,7
897,flashlight,2.92,2.571,1,1,7
898,flashlight_1,5.457999999999998,2.957,9,1,7
899,flashlight_3,3.667,1.92,2,1,7
900,flashlight_4,3.409,3.917,0,1,7
901,flip,3.607,5.667000000000002,3,1,2
902,flip_switch,3.886,6.0,10,1,2
903,flipflops,3.692,3.452,2,5,7
904,float_1,1.929,4.828,2,1,2
905,float_2,3.36,4.615,0,1,2
906,float_3,3.08,3.0,0,1,2
907,floor,3.72,3.857,24,4,7
908,flower,4.92,1.857,0,1,7
909,flute,2.125,6.533,2,4,7
910,fly,2.885,6.68,10,4,2
911,focus,4.034,5.8260000000000005,9,4,2
912,fold,4.115,6.032,7,4,2
913,fold_2,5.36,6.292000000000002,4,2,2
914,follow_1,5.481,3.345,7,4,2
915,follow_2,2.885,3.0,16,4,2
916,follow_3,3.12,4.44,0,5,2
917,follow_4,4.52,2.769,6,4,2
918,fond,2.105,1.5419999999999998,1,1,6
919,fool,4.267,1.84,3,5,2
920,football,5.37,1.767,12,4,7
921,for,5.08,1.5,4,1,5
922,forbid,4.231,3.16,0,5,2
923,foreigner_1,2.407,1.2,3,1,7
924,foreigner_2,2.9330000000000003,1.083,1,1,7
925,forest,5.63,3.897,2,1,7
926,forever,3.5,2.633,46,1,4
927,forever_2,4.5,1.867,4,1,7
928,forfeit,3.8,1.633,7,1,2
929,forgetful,4.519,4.323,3,1,6
930,fork_1,4.714,4.04,7,5,7
931,fork_2,3.955,3.333,0,5,7
932,fork_3,4.44,3.731,8,5,7
933,fork_4,4.615,2.96,1,5,7
934,form,2.92,3.0,7,4,7
935,former,5.067,1.76,0,1,6
936,foul,2.55,1.4169999999999998,11,1,6
937,four,5.332999999999998,6.9,5,1,1
938,fourth,4.607,5.5,2,1,3
939,fox,2.64,2.095,2,1,7
940,fraction,2.667,4.433,0,5,7
941,frame,2.263,5.581,0,4,7
942,france,3.111,1.452,6,1,3
943,fraud,2.526,1.233,2,1,7
944,freak_out,4.63,1.969,46,1,2
945,freckles,2.667,3.519,0,4,7
946,free,4.63,3.034,9,4,6
947,freedom,4.3439999999999985,2.536,8,4,7
948,freeway,3.84,1.6669999999999998,5,4,7
949,freeze,4.63,3.424,8,4,2
950,french,2.571,1.259,6,1,7
951,frenchfries,4.645,2.139,4,1,7
952,friday,6.32,1.033,7,1,3
953,friend,6.4620000000000015,2.25,0,4,7
954,friendly,3.933,4.63,0,4,6
955,friends_no_more_1,1.696,3.13,0,1,0
956,fringe,2.048,2.781,1,1,7
957,frisk,3.261,5.332999999999998,8,4,2
958,frog,2.7310000000000003,2.25,0,1,7
959,from,4.8889999999999985,2.6,1,5,5
960,from_then_on,4.9289999999999985,3.5,9,2,5
961,front,4.2410000000000005,4.567,5,1,5
962,frown_1,5.593,5.935,0,1,2
963,frown_2,4.72,6.8,1,4,2
964,fruit,5.3,1.519,3,1,7
965,frustrate,4.667,2.296,8,1,2
966,fry ,5.5,2.65,0,2,2
967,full,5.852,2.667,4,5,6
968,fun,5.9689999999999985,1.7,0,1,6
969,function,3.966,1.84,1,5,7
970,funny,5.5520000000000005,3.8,1,1,6
971,furniture,3.261,1.0,13,1,7
972,future,4.9,2.833,8,1,7
973,fuzzy,4.64,2.958,0,5,6
974,gallaudet,4.2,1.067,1,1,3
975,gamble,3.593,5.636,11,1,2
976,game,5.832999999999998,1.5830000000000002,16,4,7
977,garage,4.28,2.0,3,5,7
978,garlic,3.696,1.774,0,1,7
979,gas,6.08,3.857,3,5,7
980,gate,3.759,5.875,1,2,7
981,gate_close,4.0,5.267,3,2,2
982,gay,4.692,1.25,8,1,6
983,generation,4.75,2.75,0,4,7
984,germany,2.926,1.033,2,4,3
985,gesture,4.2410000000000005,3.087,11,4,2
986,get,5.76,4.533,7,4,2
987,get_in_bed,4.172,2.478,0,5,2
988,get_information_out_of,3.152,1.92,1,2,2
989,get_off,4.107,3.6,2,5,2
990,get_through,5.332999999999998,6.188,1,5,2
991,get_together,4.833,4.84,8,4,2
992,ghost,3.8,1.269,12,4,7
993,gift,5.143,1.92,3,4,7
994,giraffe,2.636,4.762,0,2,7
995,girl,4.552,1.528,1,1,7
996,give,5.667000000000002,4.909,0,1,2
997,give_up,3.857,5.0,1,4,2
998,glass_1,5.657,5.08,8,5,7
999,glass_2,4.88,3.48,47,1,7
1000,glass_3,5.64,1.042,3,1,7
1001,glasses,3.75,5.2,0,4,7
1002,glove,3.846,6.367000000000001,0,4,7
1003,gloves,2.885,6.267,0,4,7
1004,gloves_2,4.391,5.115,0,5,7
1005,gloves_3,3.731,6.375,0,5,7
1006,gloves_4,3.609,4.333,0,2,7
1007,glow,2.696,2.76,0,4,7
1008,glue_1,4.28,2.16,1,5,2
1009,glue_2,3.385,3.438,4,4,2
1010,go,6.033,5.582999999999998,9,4,2
1011,go_ahead,6.067,2.792,9,4,2
1012,go_back_and_forth,3.731,4.95,19,4,2
1013,go_through,4.517,3.13,1,5,2
1014,go_to_jail,3.926,2.563,7,4,2
1015,goal,5.0,4.0,7,4,7
1016,goat,2.037,3.2,1,1,7
1017,goatee,2.25,5.067,13,1,7
1018,god,4.519,2.448,4,1,3
1019,going_through_a_hard_time,4.0,2.65,1,4,2
1020,gold,3.2310000000000003,1.032,3,1,7
1021,golf,3.333,5.567,0,3,7
1022,gone,5.308,2.19,4,5,6
1023,good,6.44,1.63,10,1,6
1024,goody_goody,4.038,2.05,1,1,6
1025,goody_goody_shoe_opposite,1.714,1.208,4,1,5
1026,goosebumps,3.769,3.409,0,1,7
1027,gorilla,2.593,6.8,9,4,7
1028,gossip,4.222,3.162,0,4,7
1029,gotcha,4.393,2.792,3,1,5
1030,government,4.48,1.3,0,1,7
1031,grab,3.967,6.4,1,4,2
1032,grade,4.077,1.484,3,5,7
1033,graduate,4.24,1.267,1,5,2
1034,graduate_school,4.214,1.375,2,1,7
1035,grammar,3.966,1.217,0,4,7
1036,grandfather,4.36,1.267,3,1,7
1037,grandmother,4.5,1.3330000000000002,1,1,7
1038,grandparents,4.4289999999999985,1.8,2,4,7
1039,grapes,4.333,2.133,0,5,7
1040,grapes_2,2.615,2.0,0,5,7
1041,grasp,2.406,6.308,0,1,2
1042,grass,4.88,1.7619999999999998,0,1,7
1043,gray,4.037,1.781,12,4,6
1044,great,4.621,1.739,8,4,6
1045,greece,2.4290000000000003,1.037,4,1,3
1046,green,5.4,1.067,3,1,6
1047,green_beans,3.148,2.031,3,1,7
1048,greet,3.133,6.292000000000002,9,4,2
1049,greet_2,4.12,6.292000000000002,7,1,2
1050,grenade,1.786,6.069,1,2,7
1051,grieve,4.2,2.0,0,4,2
1052,grind,4.172,5.32,1,2,2
1053,group,4.867,2.458,0,4,7
1054,grow,4.84,5.4670000000000005,3,5,2
1055,grow_up,5.5,5.667000000000002,16,1,2
1056,guess_1,4.897,2.233,2,1,2
1057,guess_2,4.815,1.806,2,1,2
1058,guide,5.0,3.2,0,3,2
1059,guillotine_1,2.15,4.867,1,1,7
1060,guillotine_2,2.148,5.424,1,1,2
1061,guilty,3.5380000000000003,1.7080000000000002,7,1,6
1062,guitar,2.63,6.9670000000000005,0,1,7
1063,gullible,3.4330000000000003,1.423,0,1,6
1064,gum,5.037,3.452,1,1,7
1065,gun,3.407,6.71,8,1,7
1066,gun_2,3.76,6.846,8,1,7
1067,gun_3,4.269,6.457999999999998,7,1,2
1068,gym,4.0,2.8,0,4,7
1069,habit,5.1,1.548,10,4,7
1070,had_enough,4.5,5.75,3,1,6
1071,haha,5.556,2.667,0,1,5
1072,hair,5.444,6.9,0,1,7
1073,hair_2,3.739,5.042,0,1,7
1074,hair_clipper,2.194,4.133,0,1,2
1075,haircut,3.0,1.185,2,4,7
1076,hairdresser,4.444,4.0,2,4,7
1077,hairdryer,3.2,4.067,2,1,7
1078,hairdryer_2,3.091,4.231,3,1,7
1079,hairdryer_3,3.286,3.28,3,1,2
1080,half,5.0,3.788,8,1,7
1081,half_hour,4.933,2.64,0,2,7
1082,hall,3.556,3.485,24,4,7
1083,halloween_1,3.407,2.2,1,4,7
1084,halloween_2,3.815,2.656,3,4,7
1085,hamburger,4.4289999999999985,3.714,11,4,7
1086,hammer,2.5,5.968,12,1,7
1087,hamster,3.067,1.406,3,1,7
1088,hand_soap,3.593,6.332999999999998,0,5,2
1089,handcuffs,2.889,5.667000000000002,0,4,7
1090,hands,4.815,4.379,1,4,7
1091,hands_off,4.7860000000000005,3.0,0,4,6
1092,handsome_1,4.346,2.394,6,1,6
1093,handsome_2,2.158,1.935,0,1,6
1094,handsome_3,3.067,1.633,1,1,6
1095,handsome_4,2.273,1.87,1,1,6
1096,hang,2.565,5.75,1,1,2
1097,hang_clothes,3.76,3.667,12,4,2
1098,hanukkah,3.667,3.548,6,4,7
1099,happen,5.207999999999998,1.867,4,4,2
1100,happy,5.7,3.25,4,1,6
1101,hard,5.792999999999998,2.233,4,4,6
1102,hard_of_hearing,4.367,1.4169999999999998,0,1,6
1103,harmonica,1.75,6.143,5,4,7
1104,harp,1.6669999999999998,6.547999999999999,0,1,7
1105,hat,4.407,5.033,9,1,7
1106,hat_2,4.52,6.731,2,4,7
1107,hatbrim,3.345,5.087,6,1,7
1108,hatch_1,1.824,3.36,1,4,2
1109,hatch_2,1.65,3.16,7,4,2
1110,hate,5.407,4.0,6,4,2
1111,have,6.125,3.533,4,4,2
1112,hawaii,3.793,1.217,2,1,3
1113,he,6.407,3.2260000000000004,22,1,5
1114,head,4.367,5.207000000000002,0,1,7
1115,head_back,4.154,2.25,10,1,2
1116,head_grind,3.276,3.167,46,1,2
1117,headache,5.48,4.926,0,4,7
1118,headcold,4.6,4.32,9,1,7
1119,headphones,1.63,6.5,7,4,7
1120,health,4.72,1.733,5,4,2
1121,heap,4.2860000000000005,4.792,0,1,7
1122,hear_1,5.029,6.36,45,1,2
1123,hear_2,3.533,6.56,9,1,2
1124,hearing,5.857,1.0,9,1,2
1125,hearing_aid,4.708,5.37,4,1,7
1126,heart,3.48,5.4,2,4,7
1127,heart_touch,5.067,4.125,2,1,2
1128,heartbody,4.08,5.207999999999998,2,1,7
1129,heaven,3.333,2.667,0,4,7
1130,heavy,4.222,5.0939999999999985,19,4,6
1131,helicopter,2.481,4.9030000000000005,0,5,7
1132,helicopter_2,3.667,3.208,0,0,7
1133,helicopter_3,4.08,2.962,5,5,7
1134,hell,3.333,1.7,6,1,7
1135,hello,6.519,5.167000000000002,8,1,5
1136,helmet,2.36,6.323,4,4,7
1137,helmet_2,3.08,5.24,0,4,7
1138,help,6.148,1.472,10,5,2
1139,hen,1.962,1.833,1,1,7
1140,here,5.704,1.943,10,4,4
1141,hide,4.8889999999999985,2.839,11,1,2
1142,high,4.4,3.731,4,1,6
1143,high_heels,2.565,3.097,0,5,7
1144,high_school,5.033,1.0,1,1,7
1145,highlighter,5.0,0.0,5,5,2
1146,hinge,1.273,4.95,0,0,7
1147,hippo,1.692,3.333,3,4,7
1148,hippo_2,3.773,1.833,0,4,7
1149,his,5.778,2.387,16,1,5
1150,history,4.7780000000000005,1.2,2,1,7
1151,hit_1,4.1110000000000015,6.323,6,1,2
1152,hit_2,3.654,3.64,2,2,2
1153,hitchhike,2.464,6.24,6,1,2
1154,hockey,3.0,1.63,3,5,7
1155,hoe,1.842,4.129,3,2,7
1156,hold,3.875,5.968,4,4,2
1157,hold_2,6.4,2.458,5,1,2
1158,hold_accountable,3.852,2.875,1,1,2
1159,hold_hands,3.222,6.522,1,4,2
1160,hold_together,3.781,4.621,4,4,2
1161,holiday,3.846,1.36,7,4,7
1162,holy,2.385,1.968,1,5,6
1163,home,6.48,1.1,8,1,4
1164,homework,5.44,1.143,4,1,7
1165,honest,4.833,1.63,9,5,6
1166,honey_1,4.346,1.355,1,1,7
1167,honey_2,2.188,1.304,0,1,7
1168,hongkong,2.667,1.5,0,1,3
1169,honk,2.792,6.05,4,1,2
1170,honor,3.667,1.778,0,4,7
1171,hood,3.25,5.417000000000002,3,4,7
1172,hoodie_1,4.833,5.542000000000002,0,4,7
1173,hoodie_2,3.455,2.9130000000000003,0,4,7
1174,hop,3.467,6.125,1,1,2
1175,hope,4.7410000000000005,1.258,46,1,2
1176,horrible,3.923,2.64,2,4,6
1177,horse,3.516,1.769,2,1,7
1178,hose,2.844,5.132999999999999,6,1,7
1179,hospital,4.48,1.4,0,1,7
1180,hospital_2,2.964,1.84,3,1,2
1181,hot,6.296,2.226,1,1,6
1182,hot_competition,5.171,2.346,2,4,6
1183,hotdog,3.68,2.467,6,4,7
1184,hotel,4.08,1.148,0,5,7
1185,hour,5.332999999999998,3.0,0,5,7
1186,house,5.385,5.2170000000000005,3,4,7
1187,how,5.556,3.267,3,4,5
1188,how_2,5.815,1.452,0,2,4
1189,howl,2.0,5.12,8,1,2
1190,hug,6.148,6.645,3,4,2
1191,humble,3.2,1.846,47,1,6
1192,hummingbird,2.174,2.64,1,1,7
1193,humor,3.083,2.0,2,1,6
1194,hundred,1.833,1.7919999999999998,15,1,1
1195,hungry,5.767,3.133,11,1,6
1196,hunt,2.5,4.7780000000000005,0,4,2
1197,hurdle_1,2.12,3.933,1,5,7
1198,hurdle_2,2.391,3.966,1,5,2
1199,hurricane,3.4810000000000003,1.871,0,4,7
1200,hurry,5.296,3.233,2,4,2
1201,hurt,4.886,1.308,12,4,2
1202,husband,5.0,1.278,5,1,7
1203,hypocrite,4.308,1.5759999999999998,0,4,6
1204,I_love_you,6.8889999999999985,3.848,4,1,2
1205,ice,4.667,2.0,0,1,7
1206,icecream,4.7410000000000005,4.552,1,1,7
1207,idea,5.1110000000000015,5.4,3,1,7
1208,identity,4.5,1.5,6,5,7
1209,if,5.926,1.45,3,1,5
1210,ignore,4.731,2.696,0,1,2
1211,imagine,4.6,3.8,2,4,2
1212,imagine_2,5.56,4.385,1,4,2
1213,immature,4.667,2.103,7,1,6
1214,immerse,2.8,2.333,46,1,2
1215,impact,4.815,4.8,0,5,2
1216,important,5.84,1.963,3,4,6
1217,impossible,4.542,2.296,2,5,6
1218,impress,5.593,2.633,1,5,2
1219,improve,5.107,2.087,4,1,2
1220,in,4.867,5.9,3,5,5
1221,inch,1.385,2.15,1,2,7
1222,incredible,3.286,2.217,2,4,6
1223,independent,4.793,2.435,0,4,6
1224,indian,3.138,2.167,4,1,6
1225,inept,3.741,1.64,0,5,6
1226,infection,4.5,1.261,6,1,7
1227,influence,4.5710000000000015,2.13,3,5,2
1228,inhale,3.536,4.913,0,1,2
1229,inject,2.654,6.332999999999998,1,1,2
1230,innocent,4.667,1.594,0,4,6
1231,inside,5.5360000000000005,5.55,1,2,6
1232,inspire,4.815,3.788,0,4,2
1233,inspiring,4.481,4.273,0,1,6
1234,instagram,3.625,1.2919999999999998,5,1,3
1235,instead,5.107,2.65,7,4,5
1236,institute,4.833,1.8,0,0,7
1237,insult,4.4,2.714,8,1,2
1238,insurance,4.926,1.065,6,1,7
1239,intelligent,4.222,3.783,38,1,6
1240,intentional,4.8889999999999985,2.344,46,1,6
1241,interest,4.92,1.9,2,4,7
1242,interested,5.63,1.581,1,4,6
1243,internet,6.167000000000002,1.4069999999999998,0,4,7
1244,interpret,4.933,1.92,2,4,2
1245,interpreter,6.148,1.419,0,0,7
1246,intervene,4.7,2.833,17,2,2
1247,interview,4.357,2.87,1,4,7
1248,introduce,4.519,2.595,5,4,2
1249,intuitive,5.1110000000000015,2.656,3,1,6
1250,invest,3.889,1.969,1,5,2
1251,invisible,3.08,1.6,4,4,6
1252,invite,4.367,3.111,23,1,2
1253,iphone,5.37,3.0,5,1,7
1254,iron,2.423,5.657,10,5,7
1255,iron_2,3.333,3.875,4,1,2
1256,iron_3,5.04,5.731,10,5,2
1257,island,3.161,1.7180000000000002,0,5,7
1258,isolated,5.332999999999998,2.207,12,1,6
1259,israel,2.32,1.033,1,1,7
1260,italy,2.92,1.733,1,1,3
1261,itch,3.143,6.522,4,1,2
1262,jacket,4.133,5.222,0,4,7
1263,jacket_2,5.332999999999998,6.0,0,4,7
1264,jacket_3,3.864,2.458,0,4,7
1265,jacket_4,4.48,6.5379999999999985,2,4,7
1266,japan,2.565,1.114,6,4,3
1267,jar,3.2960000000000003,6.033,0,5,7
1268,jaw_drop,4.333,3.68,2,1,2
1269,jealous,3.4330000000000003,1.444,0,1,6
1270,jelly,2.391,1.815,2,5,7
1271,jellyfish,1.958,4.682,0,1,7
1272,jewelry,2.0,4.25,0,4,7
1273,jewish,3.267,1.889,0,1,6
1274,jigsaw_puzzle,3.0,1.741,11,4,7
1275,join,4.852,2.7,2,5,2
1276,joke,4.962,1.348,2,0,2
1277,journey,5.267,2.767,1,1,7
1278,judge,4.04,2.733,8,4,7
1279,juggle,1.778,6.371,4,4,2
1280,juggler,2.867,6.8,4,4,7
1281,juice_1,2.778,1.6,2,1,7
1282,juice_2,3.593,1.85,0,1,7
1283,jump,3.828,5.407,2,5,2
1284,jump_rope,3.148,6.483,8,4,7
1285,junior,3.517,1.304,4,2,6
1286,kangaroo,1.958,5.08,11,4,7
1287,kangaroo_2,1.87,3.48,2,1,7
1288,kangaroo_3,2.167,1.875,1,4,7
1289,keep,5.107,1.6669999999999998,1,0,2
1290,key,4.72,5.7,0,5,7
1291,keyboard,3.95,6.233,3,4,7
1292,kick_1,3.808,2.9130000000000003,3,2,2
1293,kick_2,2.667,3.5380000000000003,2,2,2
1294,kid,5.733,1.314,0,1,7
1295,kill,3.444,2.556,12,5,2
1296,kindergarten,4.5710000000000015,1.25,0,5,7
1297,king,3.067,2.067,0,1,7
1298,kiss,5.846,2.935,1,1,7
1299,kiss_2,3.633,4.75,3,1,7
1300,kiss_3,4.815,4.12,0,4,2
1301,kiss_fist,5.862,1.609,4,1,2
1302,kiss_on_cheek,4.556,6.375,6,1,2
1303,kitchen,6.0379999999999985,1.5,2,5,7
1304,kite,2.037,4.633,0,5,7
1305,kite_2,2.591,3.625,0,5,7
1306,kitten,2.192,2.375,2,1,7
1307,kneel,2.533,4.1110000000000015,4,5,2
1308,knife,4.28,3.067,1,2,7
1309,knife_2,5.72,5.5379999999999985,6,0,7
1310,knight_1,1.188,4.789,9,1,2
1311,knight_2,1.588,2.88,0,1,2
1312,knight_3,3.25,2.458,4,1,2
1313,knight_5,2.067,2.84,1,1,2
1314,knitting,2.958,4.042,1,4,2
1315,knitting_2,3.15,4.875,2,4,2
1316,knitting_3,1.824,3.3080000000000003,1,4,2
1317,knock,3.2960000000000003,6.848,9,1,2
1318,knock_off,2.4,3.833,6,1,2
1319,know,5.767,4.633,9,1,2
1320,know_nothing,4.75,3.609,4,1,2
1321,label,4.6,3.12,9,5,2
1322,lamp,4.731,3.625,2,1,7
1323,lamp_2,3.63,1.92,2,1,7
1324,land,3.192,4.0939999999999985,1,4,7
1325,language,5.3870000000000005,1.579,3,4,7
1326,laptop,5.792999999999998,2.917,3,2,7
1327,last,4.875,1.519,0,0,1
1328,last_week,5.714,2.4,11,5,4
1329,late,5.067,1.7,5,1,6
1330,later,5.332999999999998,2.75,11,1,4
1331,laugh,5.267,4.75,0,4,2
1332,law,5.074,2.0,1,5,7
1333,lawnmower,3.08,3.8,14,4,7
1334,lawyer,3.84,1.476,1,5,7
1335,lay_down,3.533,3.84,14,5,2
1336,lazy,5.407,1.567,8,1,6
1337,lead,5.0,1.958,6,5,7
1338,leaf,2.68,1.419,0,0,7
1339,leaf_2,4.913,2.25,5,5,7
1340,league,3.357,1.75,0,4,7
1341,leak,4.0,3.933,0,2,2
1342,learn,6.2,3.259,1,5,2
1343,learn_lesson,4.3439999999999985,3.31,7,1,2
1344,leather,2.333,1.719,0,1,7
1345,leave,4.32,2.467,11,4,2
1346,leave_alone,3.56,2.375,8,4,2
1347,lecture,4.7330000000000005,1.833,7,1,7
1348,left,4.464,5.0,11,1,6
1349,lemon,4.452,1.514,2,1,7
1350,lemon_2,4.6,1.615,7,1,7
1351,lend,3.333,3.0,4,4,2
1352,lesbian,4.143,2.75,10,1,6
1353,less,4.438,4.433,0,5,6
1354,lesson,4.038,3.323,1,5,7
1355,let_go,5.259,4.6,3,4,2
1356,let_know,5.296,2.226,0,4,2
1357,let_me_see,6.4860000000000015,3.923,3,1,2
1358,letter,4.567,1.8,11,1,7
1359,lettuce,4.484,1.444,1,1,7
1360,library,4.963,1.4480000000000002,4,1,7
1361,license,6.0,2.5,3,4,7
1362,lick_1,2.043,2.967,0,5,2
1363,lick_2,3.5380000000000003,3.387,0,1,2
1364,lick_envelope,2.846,6.2,3,4,2
1365,lick_envelope_2,2.667,6.542000000000002,0,4,2
1366,lie,4.917,1.433,8,1,2
1367,lift_1,3.654,5.9060000000000015,21,4,2
1368,lift_2,2.684,5.922999999999999,14,4,2
1369,light_2,6.296,1.64,3,1,2
1370,light_candle,4.44,3.625,0,5,2
1371,light_weight,3.867,2.667,0,4,6
1372,lighter,3.4810000000000003,6.71,8,1,7
1373,lightning,3.0380000000000003,4.867,15,1,7
1374,lights_on,4.667,3.419,0,4,2
1375,like,6.222,3.563,2,1,2
1376,limited,5.37,3.0,2,4,6
1377,line,3.733,5.63,2,4,7
1378,linguistics,3.926,1.7,1,4,7
1379,lion,3.32,3.81,0,1,7
1380,lipread,4.567,4.7330000000000005,2,1,2
1381,lips,3.593,6.438,1,1,7
1382,lipstick,3.72,5.9670000000000005,10,1,7
1383,list,4.852,4.8889999999999985,2,5,7
1384,listen,5.8889999999999985,4.12,0,1,2
1385,live_1,4.44,1.733,0,4,2
1386,live_2,5.44,2.0,1,4,2
1387,living_room,3.778,1.452,4,1,7
1388,load,2.9,3.842,19,4,2
1389,load_2,2.85,1.958,6,4,2
1390,lobster,2.923,4.833,2,4,7
1391,lobster_2,4.48,3.923,1,4,7
1392,lobster_3,4.185,3.48,0,4,7
1393,lock,4.7780000000000005,3.257,0,2,7
1394,lock_2,4.1789999999999985,6.8260000000000005,1,5,2
1395,lock_3,4.455,4.5,0,0,2
1396,locker,2.4,2.28,3,0,7
1397,lollipop,3.281,4.806,8,1,7
1398,lonely,3.72,1.867,15,1,6
1399,long,5.962999999999999,2.467,7,1,6
1400,long_ago,5.5,2.167,2,1,4
1401,long_line,4.593,4.4,7,4,7
1402,long_time,5.138,1.682,4,1,4
1403,long_word,4.143,4.087,11,4,7
1404,look_appearance,4.68,5.632999999999999,9,1,2
1405,look_at,5.08,5.185,3,1,2
1406,look_back,4.833,3.208,2,1,2
1407,look_for,5.52,3.4,3,1,2
1408,look_forward,5.259,3.8,0,4,2
1409,look_like,5.444,3.65,0,1,2
1410,lose,4.077,1.4780000000000002,7,5,2
1411,lose_game,3.867,2.074,14,5,2
1412,lost,4.828,1.833,5,4,6
1413,loud,3.808,3.2260000000000004,0,4,4
1414,lousy,5.332999999999998,2.125,0,1,6
1415,love,6.556,5.9670000000000005,3,4,2
1416,loyal,3.0380000000000003,2.72,1,1,6
1417,luck,2.692,1.5830000000000002,10,1,6
1418,lucky,4.704,1.29,0,1,6
1419,lunch_1,5.593,2.313,3,1,7
1420,lunch_2,4.7780000000000005,2.531,10,1,7
1421,lungs,3.423,4.931,7,4,7
1422,machine,4.72,1.3330000000000002,2,4,7
1423,mad,5.593,4.0,0,1,6
1424,magazine,4.519,1.3,0,5,7
1425,magic,2.5380000000000003,3.652,0,4,7
1426,magnet,2.25,3.857,2,4,7
1427,magnet_2,4.8,3.731,0,5,7
1428,magnet_3,2.2,4.12,1,5,7
1429,magnet_4,3.19,2.667,0,5,7
1430,magnify_1,3.0,5.6,5,1,7
1431,magnify_2,3.125,5.0,0,0,2
1432,maid,3.478,1.679,1,1,7
1433,mail,4.815,2.767,11,1,7
1434,mail_2,5.259,1.88,1,2,2
1435,mailman,3.444,1.226,11,1,7
1436,mainstream,4.31,2.217,5,4,6
1437,major,3.9,1.167,2,2,7
1438,make,5.567,2.867,14,4,2
1439,make_believe,5.3,2.72,7,1,2
1440,man,5.75,1.833,3,1,7
1441,manage,3.679,1.833,9,4,2
1442,many,5.422999999999999,3.783,5,4,5
1443,maple,1.833,1.25,1,1,7
1444,march,2.8280000000000003,2.208,1,4,3
1445,marionette,1.913,5.875,5,4,7
1446,marry,3.333,4.258,0,4,2
1447,mascara,2.769,5.667000000000002,0,1,7
1448,massage,3.185,5.35,0,4,2
1449,match,4.1110000000000015,3.571,1,4,2
1450,math,5.32,1.476,0,4,7
1451,maybe,6.04,5.867000000000001,36,4,4
1452,mcdonalds_2,2.259,5.267,0,1,3
1453,me,6.76,7.0,8,1,5
1454,mea_culpa,4.3180000000000005,1.462,0,5,0
1455,mean_1,4.4,1.367,10,4,6
1456,mean_2,5.0,1.3,0,3,2
1457,measure,3.179,1.889,0,0,7
1458,measure_2,5.28,2.292,4,4,2
1459,meat,2.474,1.548,0,5,7
1460,meat_2,4.96,2.097,0,5,7
1461,mechanic_1,3.68,2.4290000000000003,1,5,7
1462,mechanic_2,2.741,5.27,1,5,7
1463,medicine,4.9,1.771,6,5,7
1464,meditate_1,4.033,5.457999999999998,3,4,2
1465,meditate_2,4.88,4.462,12,4,2
1466,meditate_3,3.96,2.36,0,4,2
1467,meet,5.422999999999999,5.452000000000001,16,4,2
1468,meeting,5.621,2.889,1,4,7
1469,megaphone,2.8,5.2170000000000005,2,4,7
1470,melon,3.704,1.75,1,5,7
1471,melt,4.481,3.0610000000000004,0,4,2
1472,member,4.963,2.065,1,1,7
1473,memorize,4.962,3.25,0,1,2
1474,memorize_memorize,4.3,4.1560000000000015,1,1,2
1475,mention,3.333,2.174,47,1,2
1476,mess,5.0,1.652,8,4,6
1477,metal,3.593,1.097,7,1,7
1478,metaphor,2.167,1.586,3,5,7
1479,mexican_1,4.333,1.4,0,1,7
1480,mexican_2,1.643,1.5,0,1,7
1481,microphone,2.63,6.6770000000000005,0,1,7
1482,microscope,1.6669999999999998,5.714,3,4,7
1483,microscope_2,2.0380000000000003,5.806,0,0,7
1484,microscope_3,3.083,5.417000000000002,0,4,7
1485,microwave,3.778,1.867,5,4,7
1486,middle,4.857,3.45,1,5,6
1487,milk,6.233,4.211,1,1,7
1488,milk_2,4.16,4.542,6,4,2
1489,mime,2.048,2.087,0,4,7
1490,mind,4.583,6.481,5,1,7
1491,mind_turned,4.133,3.208,46,1,2
1492,mine,3.28,2.08,3,5,2
1493,minimum,4.4830000000000005,1.913,7,2,7
1494,minute,4.792,2.593,11,5,7
1495,mirror,4.88,6.4289999999999985,1,1,7
1496,mischievous,4.188,2.733,0,4,6
1497,miss,5.422999999999999,2.875,50,1,2
1498,missing,4.938,2.0,2,5,2
1499,misunderstand,4.533,2.889,0,1,2
1500,mix_1,4.6789999999999985,5.739,10,4,2
1501,mix_2,2.957,4.625,1,5,2
1502,mix_3,2.4290000000000003,4.923,12,4,2
1503,mock,2.8,1.7,4,1,2
1504,model_1,3.071,2.565,2,1,7
1505,model_2,3.167,1.68,3,5,7
1506,monday,5.69,1.029,0,1,3
1507,money,6.033,3.233,4,5,7
1508,money_2,6.593,6.707999999999998,1,1,7
1509,monkey,2.619,6.0139999999999985,0,4,7
1510,monster,2.773,6.545,13,4,7
1511,month,6.097,1.378,4,2,7
1512,moon,4.323,2.833,0,1,7
1513,moose,3.346,5.581,4,4,7
1514,mop,3.615,4.64,9,4,7
1515,mop_2,4.217,3.292,16,4,2
1516,more,6.457999999999998,1.767,4,4,5
1517,morning,6.1,2.444,23,1,7
1518,mosquito,2.25,4.0,3,5,7
1519,most,5.657,1.923,5,2,5
1520,mother,6.6,1.2,8,1,7
1521,motivation_1,4.813,2.3,24,4,7
1522,motivation_2,5.037,2.75,24,4,2
1523,motorcycle,3.704,5.472,0,2,7
1524,mountain,4.226,2.526,3,2,7
1525,mountain_2,3.087,4.5,9,4,7
1526,mouse,3.36,2.952,15,1,7
1527,mouth,3.233,6.37,9,1,7
1528,move,5.0,5.2170000000000005,4,4,2
1529,move_down,1.733,5.276,4,4,2
1530,movie,5.37,1.543,4,2,7
1531,movies,5.4,1.6669999999999998,4,2,7
1532,much,5.32,4.8889999999999985,12,4,5
1533,mummy,4.154,4.6,7,4,7
1534,murder ,3.846,3.065,12,5,2
1535,muscle,4.148,4.6,3,1,7
1536,museum,2.517,2.065,0,4,7
1537,mushroom,4.125,3.613,1,5,7
1538,music,4.133,1.6569999999999998,3,1,7
1539,must,6.407,3.355,7,1,2
1540,mustache,2.261,6.846,5,4,7
1541,my,6.31,6.132999999999999,7,1,5
1542,myself,5.154,6.5,7,1,5
1543,nail,3.556,6.25,0,5,2
1544,nail_clipper,3.914,6.84,0,5,2
1545,naked,4.643,1.65,1,5,6
1546,name,5.926,1.257,8,0,7
1547,napkin,4.13,4.857,5,1,7
1548,navel,2.0,6.2810000000000015,4,1,7
1549,navy,2.619,1.7919999999999998,0,4,7
1550,near,5.332999999999998,3.567,9,2,5
1551,neck,3.667,6.742000000000001,5,1,7
1552,necklace,3.074,5.6,4,4,7
1553,necklace_2,4.074,4.92,0,4,7
1554,necklace_3,5.774,5.125,2,1,7
1555,necklace_4,3.25,4.885,3,4,7
1556,need,5.4,2.0,3,1,2
1557,needle,2.75,4.609,5,1,7
1558,negative,4.933,2.125,8,5,6
1559,nephew,2.6210000000000004,1.108,0,1,7
1560,nerve,3.926,2.031,1,1,7
1561,net,2.375,2.75,7,4,7
1562,network,4.933,2.6,6,4,7
1563,neutral,4.167,2.571,2,1,6
1564,never,4.8,2.0,4,1,4
1565,new,5.6,1.167,3,5,6
1566,new_york,3.68,1.0,2,5,7
1567,news_to_me,5.04,2.0,4,4,0
1568,newspaper,4.037,1.633,1,5,7
1569,next,4.9,5.6,10,2,5
1570,next_down,2.448,2.13,8,5,5
1571,next_to,4.704,5.3820000000000014,1,2,5
1572,next_year,5.414,1.957,0,5,5
1573,nice,5.692,2.476,17,2,6
1574,niece,1.808,1.04,1,1,7
1575,night,6.032,1.919,5,2,7
1576,nine,5.067,1.719,6,1,1
1577,no,6.433,1.314,0,1,5
1578,no_big_deal,5.107,4.417,8,4,0
1579,noise,4.5310000000000015,3.367,3,4,7
1580,none,3.167,1.92,4,5,5
1581,nonsense,5.231,2.4,3,1,7
1582,noon_1,4.296,2.05,0,1,7
1583,noon_2,5.308,4.188,11,1,7
1584,noose,2.32,6.125,1,1,7
1585,normal,5.556,1.567,1,5,6
1586,north,4.8,1.267,1,1,7
1587,nose,4.154,6.9,15,1,7
1588,nose_bleed,5.037,3.12,2,1,2
1589,not,5.6,2.192,8,1,5
1590,not_a_thing,4.8,2.16,11,1,5
1591,not_care,5.422999999999999,4.4,0,1,5
1592,not_interested,5.941,2.6,46,1,6
1593,not_mind,4.7780000000000005,2.667,46,1,2
1594,not_understand,5.074,3.276,1,4,2
1595,not_used_to,3.519,2.875,11,4,6
1596,not_yet,5.519,1.857,5,1,4
1597,nothing,6.32,3.037,6,4,7
1598,nothing_2,5.7189999999999985,3.033,8,4,5
1599,nothing_at_all,4.393,2.783,2,4,5
1600,now,5.8,1.722,4,4,4
1601,numbers,5.7,1.111,0,4,7
1602,nurse,4.0,2.257,2,1,7
1603,nut,4.259,1.6669999999999998,9,1,7
1604,nut_2,3.294,2.333,0,5,7
1605,obsess,4.448,1.609,46,1,2
1606,obvious,5.0,3.069,7,4,6
1607,ocean,4.346,3.7,2,4,7
1608,octopus,2.72,4.879,0,5,7
1609,off,5.2,3.385,1,1,5
1610,off_the_point,4.8889999999999985,3.25,0,5,4
1611,offend,4.692,2.68,18,1,2
1612,offhand,5.4860000000000015,1.92,46,1,4
1613,office,5.332999999999998,1.676,4,4,7
1614,often,5.132999999999999,2.04,2,5,4
1615,oh_I_see,6.771,3.96,9,1,2
1616,oil_1,1.4580000000000002,2.3480000000000003,0,5,7
1617,oil_2,5.292000000000002,1.28,0,5,7
1618,oil_3,2.714,1.6,1,5,2
1619,ok,6.519,4.29,1,1,5
1620,old,5.038,2.371,0,1,6
1621,oldest,5.0,1.5,2,1,6
1622,on,5.233,3.394,10,2,5
1623,once,5.132999999999999,4.12,2,5,4
1624,one,6.148,6.97,22,1,7
1625,one_more_1,4.964,3.083,0,5,1
1626,one_more_2,4.833,3.542,5,1,1
1627,one_year_ago,4.8210000000000015,2.565,0,5,1
1628,onion,5.28,4.2860000000000005,1,1,7
1629,only_one_2,4.4289999999999985,3.65,1,1,6
1630,ooh,5.2860000000000005,3.45,5,1,5
1631,oops,3.769,5.565,6,1,5
1632,open,5.0,5.818,6,4,2
1633,open_book,4.8439999999999985,6.2,10,4,2
1634,open_wallet,2.862,4.472,12,4,2
1635,operate_machine,4.593,2.219,6,2,2
1636,opinion_1,5.033,2.5,1,1,7
1637,opinion_2,3.652,2.667,7,1,7
1638,opportunity,4.933,1.92,0,4,7
1639,option,5.593,2.636,0,5,7
1640,or,4.185,0.0,0,0,5
1641,oral,4.3,4.4289999999999985,0,1,6
1642,orange,4.962,1.6,1,1,7
1643,orange_eyes,4.8210000000000015,4.438,1,4,6
1644,orange_throat,4.731,2.9330000000000003,1,1,6
1645,order_1,4.6,4.444,14,4,7
1646,order_2,4.467,1.75,0,1,7
1647,organization,4.414,1.696,1,4,7
1648,ostrich,2.053,3.313,1,5,7
1649,other,5.5,2.367,3,1,6
1650,our,5.815,2.188,2,1,5
1651,out,4.813,4.517,4,5,5
1652,outside,5.367000000000001,1.742,2,1,5
1653,over,5.074,0.0,1,2,5
1654,overlook,5.593,3.333,11,1,2
1655,overnight,5.033,2.25,2,2,4
1656,overtake,3.567,2.92,0,5,2
1657,overwhelmed,4.769,4.1,5,4,6
1658,owe,4.6,3.7,4,5,2
1659,owl,2.7310000000000003,4.167,0,4,7
1660,own,4.64,3.917,0,4,2
1661,pack,4.9289999999999985,4.478,1,4,2
1662,page,4.556,2.448,3,5,7
1663,pageant,2.5380000000000003,5.043,3,1,7
1664,pain,4.5,1.429,0,4,7
1665,paint,4.074,5.189,0,2,2
1666,paintbrush,2.963,4.1,0,5,7
1667,pair,4.643,3.958,1,0,7
1668,pancake,4.577,3.85,2,2,7
1669,pants,3.677,4.421,2,4,7
1670,pants_2,5.435,3.0,1,4,7
1671,paper,6.484,3.051,2,2,7
1672,papercutter,2.56,4.857,2,2,7
1673,parachute,1.548,5.829,0,3,2
1674,parachute_2,4.04,4.692,0,5,2
1675,parachute_3,2.92,3.68,0,5,2
1676,parade,2.68,1.7,4,4,7
1677,paragraph,3.484,1.833,3,5,7
1678,parallel,3.607,4.833,1,2,2
1679,paranoid,4.5,3.88,0,4,6
1680,parents,6.56,1.3330000000000002,4,1,7
1681,park,5.2,1.645,6,5,2
1682,party_1,5.332999999999998,2.806,3,4,7
1683,party_2,4.72,4.2810000000000015,4,4,7
1684,pass,3.833,2.542,3,2,2
1685,pass_out,4.7780000000000005,2.063,1,1,2
1686,passport,2.939,2.52,2,5,7
1687,past,4.276,3.567,1,1,5
1688,patient_1,3.625,1.185,0,1,7
1689,patient_2,5.56,1.423,16,1,6
1690,patient_3,4.8889999999999985,1.733,8,1,6
1691,pay,5.038,2.594,7,5,2
1692,pay_off_bills,3.333,2.6060000000000003,7,5,2
1693,peace,3.6,2.481,10,4,7
1694,peach,3.5810000000000004,2.189,0,1,7
1695,peach_2,2.75,1.167,3,1,7
1696,peacock,2.417,4.063,0,5,7
1697,peanut_butter,4.438,1.7,16,1,7
1698,pear,2.4,1.194,0,5,7
1699,peas_1,1.15,1.939,0,5,7
1700,peas_2,2.6,2.903,0,5,7
1701,peck,3.5,5.115,0,5,2
1702,peekaboo,2.548,6.759,1,4,7
1703,peel_1,2.76,3.958,0,5,2
1704,peel_2,3.885,4.12,0,2,2
1705,peel_3,2.7060000000000004,3.417,0,5,2
1706,peg,1.192,3.3,0,3,2
1707,peg_2,2.95,4.0,2,1,7
1708,peg_3,3.458,4.2,0,5,7
1709,pen,5.5,5.806,2,5,7
1710,pencil,4.296,3.967,6,1,7
1711,penguin,2.889,6.242000000000001,10,4,7
1712,penis,3.963,1.3330000000000002,2,1,7
1713,penny,2.8080000000000003,1.162,5,1,7
1714,people,6.0,2.1,4,4,7
1715,pepper,3.0,3.167,13,1,7
1716,pepsi,2.5,1.433,0,1,3
1717,perceive,3.9,3.16,0,4,2
1718,percent,3.483,2.407,3,1,7
1719,perfect,3.654,2.1,7,4,6
1720,perfume,2.556,2.533,2,1,7
1721,perfume_2,3.222,6.667000000000002,0,1,2
1722,period,3.833,3.48,5,1,7
1723,permission,4.769,2.167,4,4,7
1724,persistent,5.2,2.84,16,4,6
1725,person,4.84,1.37,1,4,7
1726,perspective,4.8210000000000015,2.3,0,5,7
1727,persuade,3.423,1.586,9,4,7
1728,pet,3.63,4.909,0,5,2
1729,pet_2,6.167000000000002,5.457999999999998,3,2,2
1730,pharmacist,2.061,1.24,6,5,7
1731,philadelphia,3.37,1.261,2,1,3
1732,philosophy,3.3160000000000003,1.833,1,1,7
1733,photography,4.667,4.917,0,4,7
1734,physics,3.067,1.788,0,4,7
1735,piano,2.16,6.381,12,4,7
1736,pick_2,5.48,5.038,0,1,2
1737,pickle,3.786,1.5419999999999998,2,1,7
1738,picnic,2.923,1.3,5,4,7
1739,picture,6.259,2.167,3,1,7
1740,pie,3.5810000000000004,4.5139999999999985,0,5,7
1741,pig,3.885,1.467,2,1,7
1742,pile,3.417,5.2,12,4,7
1743,pill,3.88,3.37,2,1,7
1744,pillow,2.593,5.0,4,4,7
1745,pillow_2,4.923,3.48,2,4,7
1746,pillow_3,4.458,5.957999999999998,15,4,7
1747,pin_on,2.667,5.581,0,1,2
1748,pinch_1,2.893,5.737,1,1,2
1749,pinch_2,4.348,5.36,4,1,2
1750,pineapple,2.0,0.0,0,5,7
1751,pineapple_2,4.538,1.2,2,1,7
1752,pineapple_3,3.2,1.2919999999999998,6,1,7
1753,pineapple_4,2.792,1.269,3,1,7
1754,pineapple_5,1.3330000000000002,1.44,4,2,7
1755,pink,4.467,1.233,2,1,6
1756,pipe,1.909,4.267,5,1,7
1757,pipe_2,3.13,4.708,6,1,7
1758,pipe_3,2.75,4.04,0,1,7
1759,pipe_4,1.917,4.8,0,0,7
1760,pirate,2.72,5.332999999999998,8,1,7
1761,pissed_off,5.2860000000000005,3.542,0,1,6
1762,pitcher,2.185,2.6210000000000004,4,1,7
1763,pity,4.133,1.472,7,4,7
1764,pizza_1,4.25,1.6669999999999998,2,4,7
1765,pizza_2,5.188,1.733,1,1,7
1766,pizza_cutter,1.875,4.69,0,4,7
1767,pjs,3.5,1.5630000000000002,0,1,7
1768,place,5.778,2.107,4,4,7
1769,plain,3.9,2.645,47,1,6
1770,plan,5.632999999999999,2.0,24,4,2
1771,planet,4.222,1.4240000000000002,1,5,7
1772,plant,4.829,3.0,0,5,7
1773,plate,4.8889999999999985,2.774,1,4,7
1774,platform,3.933,5.7189999999999985,7,4,7
1775,play,5.9670000000000005,2.4,4,4,2
1776,players,4.731,2.095,4,4,7
1777,playground,3.778,1.6,4,4,7
1778,please,6.16,2.667,4,1,4
1779,plenty,4.371,2.577,2,5,6
1780,pliers,3.04,4.4860000000000015,9,1,7
1781,plow_1,2.52,4.435,12,4,2
1782,plow_2,2.133,2.125,0,5,2
1783,plug_1,4.485,2.2,0,5,7
1784,plug_2,4.92,4.04,0,0,2
1785,plummet,3.808,5.35,11,5,2
1786,plunger,2.727,5.75,16,4,7
1787,plus,4.517,6.609,7,2,7
1788,point,3.577,4.4860000000000015,0,5,7
1789,point_index,6.082999999999998,6.875,8,1,2
1790,pole,2.577,5.435,1,0,7
1791,policeman,4.258,4.211,7,1,7
1792,policeman_2,5.88,2.92,3,1,7
1793,policy,4.0,1.217,0,5,7
1794,polish,5.733,5.042,3,5,2
1795,ponder,4.25,4.1,2,4,2
1796,pool,2.0380000000000003,5.194,0,5,7
1797,poop,5.2860000000000005,3.833,3,2,2
1798,poor,3.833,1.704,0,1,6
1799,pop,1.696,4.125,0,5,2
1800,pop_2,4.385,6.0,1,4,2
1801,pop_3,3.042,6.417000000000002,1,4,2
1802,pop_4,5.08,4.6,8,4,2
1803,popcorn,3.778,3.0,6,4,7
1804,pope,2.0,4.882,0,4,7
1805,popular,5.2,1.4169999999999998,0,5,6
1806,porcupine,1.444,2.929,0,5,7
1807,positive,5.233,4.92,4,2,6
1808,possible,4.792,1.7,25,4,6
1809,possum,3.536,2.125,4,4,7
1810,postpone,5.107,2.45,1,0,2
1811,potato,4.8,1.143,0,5,7
1812,pour,3.333,6.5,0,1,2
1813,pour_2,5.8889999999999985,6.56,6,1,2
1814,powder,3.536,6.05,0,1,7
1815,power,3.966,2.139,0,1,7
1816,practice,5.519,2.121,0,5,2
1817,prayer,3.5,6.832999999999998,24,4,7
1818,preacher,2.63,1.147,13,1,7
1819,precious,5.0710000000000015,1.5419999999999998,1,1,6
1820,predict,4.963,1.727,1,5,2
1821,prefer,3.52,1.577,0,1,2
1822,pregnant,3.821,5.5,0,4,7
1823,president,4.462,1.355,1,4,7
1824,press,3.417,5.417000000000002,12,5,2
1825,press_in_mind,4.8439999999999985,3.6,4,1,2
1826,pretend,3.192,1.6669999999999998,15,1,2
1827,pretty,5.533,3.933,1,1,4
1828,price,4.033,2.037,14,5,7
1829,pride,5.419,2.571,8,1,7
1830,priest,2.5380000000000003,2.391,3,1,7
1831,prince,1.741,2.269,3,1,7
1832,principal,4.214,1.7,0,5,7
1833,print,4.92,2.815,1,5,7
1834,priority,4.867,1.625,1,5,6
1835,prison,3.5,3.324,5,4,7
1836,problem_1,5.033,1.75,0,4,7
1837,problem_2,5.542000000000002,2.033,5,4,7
1838,process,4.267,3.933,10,4,2
1839,produce_sign,4.37,1.87,3,4,2
1840,profoundly_deaf,4.357,4.542,0,1,6
1841,program,5.259,0.0,0,5,7
1842,project,4.7,1.2919999999999998,0,5,7
1843,promise,4.839,3.595,47,1,2
1844,promote,3.462,3.694,8,4,2
1845,proof,4.7189999999999985,2.966,13,2,7
1846,propeller_1,2.292,3.091,5,5,7
1847,propose,4.9289999999999985,4.542,21,4,2
1848,protection,3.533,3.5,5,4,7
1849,protest,3.857,3.542,2,1,2
1850,provide,5.0710000000000015,3.6,1,4,2
1851,proximalization,1.4169999999999998,2.0,1,1,7
1852,psychologist,3.8,1.286,2,5,7
1853,psychology,4.63,1.267,2,5,7
1854,public,4.607,2.875,12,4,7
1855,pull,3.778,6.645,10,4,2
1856,pull_convince,4.077,1.65,9,4,2
1857,pumpkin,2.929,1.125,1,5,7
1858,punch_face,2.724,6.707999999999998,4,1,2
1859,punish,3.8,2.667,8,1,2
1860,purple,4.92,1.033,0,1,6
1861,push,3.556,7.0,20,4,2
1862,put,5.074,3.906,4,4,2
1863,put_aside,4.519,6.313,24,4,2
1864,put_in_back_mind,5.2570000000000014,5.84,4,1,2
1865,puzzled,4.92,3.593,3,1,6
1866,Q_tip,3.074,5.7189999999999985,6,1,7
1867,qm,4.867,2.2,5,1,7
1868,quality,4.2330000000000005,1.68,1,1,7
1869,quarter,1.9,1.2919999999999998,4,1,7
1870,queen,3.44,2.667,0,1,7
1871,quiet,5.3,3.067,2,4,6
1872,quit,4.7780000000000005,2.125,2,5,2
1873,rabbit,2.724,4.296,0,4,7
1874,rabbit_2,4.52,3.04,0,4,7
1875,race,5.296,3.0,3,4,2
1876,racecar_track,4.083,3.083,25,4,7
1877,radio,2.5810000000000004,3.595,4,1,7
1878,rain,5.76,5.4289999999999985,1,4,7
1879,rainbow,4.037,5.3439999999999985,3,1,7
1880,raisin,1.895,1.3130000000000002,1,1,7
1881,rake,2.231,5.88,2,5,2
1882,range,2.667,2.6,5,2,7
1883,rat,2.63,1.5,2,1,7
1884,razor,3.833,5.587999999999999,12,1,7
1885,razor_2,3.542,4.192,2,1,7
1886,reach,4.08,4.56,6,1,2
1887,react,4.0360000000000005,1.833,2,4,2
1888,read,6.3870000000000005,4.5710000000000015,3,5,2
1889,ready,6.37,1.939,1,4,6
1890,real_sick,4.7410000000000005,1.586,3,4,2
1891,really,5.8,2.067,11,1,4
1892,really_into,4.0360000000000005,1.5419999999999998,0,1,6
1893,reason,5.433,2.867,1,1,7
1894,recent_1,5.357,1.6669999999999998,5,1,6
1895,recent_2,4.893,1.4,12,1,6
1896,recite,3.852,3.04,1,1,2
1897,record,3.0,3.25,6,4,2
1898,recording,2.84,2.267,6,4,2
1899,red,5.069,1.037,2,1,6
1900,red_faced,3.889,2.091,16,1,6
1901,reduce,4.914,5.0,0,2,2
1902,reflect,5.3,3.167,4,1,2
1903,refrigerator,1.913,3.4,3,4,7
1904,refuse,5.75,3.1,4,1,2
1905,register,5.222,1.969,1,5,2
1906,regular,5.2,1.4169999999999998,4,2,4
1907,relationship,4.96,3.259,2,4,7
1908,relax,4.885,3.48,16,4,2
1909,relax_2,5.375,2.042,4,5,2
1910,"release, rescue",4.567,3.7,10,4,2
1911,relief,5.5,3.75,3,4,6
1912,religion,4.333,1.267,3,1,7
1913,remember,5.7,1.37,12,1,2
1914,remember_2,4.0,5.083,10,1,2
1915,remind,4.9,2.04,0,5,2
1916,remote_control,4.84,6.0,9,1,7
1917,remove,4.467,4.08,0,5,2
1918,replace,4.207,3.0,5,4,2
1919,request,4.714,4.077,12,4,2
1920,requirement,4.966,1.6669999999999998,4,3,7
1921,rescue,4.5710000000000015,1.75,10,4,2
1922,research,4.16,2.31,3,5,7
1923,resent,5.2410000000000005,1.957,0,1,2
1924,resign,4.0,2.917,3,5,2
1925,resist,5.1110000000000015,3.8,10,1,2
1926,respect,5.5,2.375,2,4,6
1927,responsibility,5.72,3.548,4,4,7
1928,rest,5.375,3.963,7,4,2
1929,rest_all_day,1.857,1.565,5,1,2
1930,restaurant,5.8889999999999985,1.29,1,1,7
1931,restless,4.4,2.176,0,5,6
1932,result,4.517,1.4580000000000002,0,5,7
1933,retire,3.815,1.261,0,4,6
1934,retrieve,3.786,3.583,3,4,2
1935,revenge,2.56,1.7919999999999998,5,1,7
1936,rhino,1.917,4.783,7,1,7
1937,rhino_2,3.333,3.423,2,1,7
1938,rhino_3,3.1,2.72,1,1,7
1939,ribbon_award,2.6,3.52,0,1,7
1940,rich,4.231,2.938,0,5,6
1941,ride_1,4.963,3.636,1,5,2
1942,ride_2,3.724,4.391,3,5,2
1943,right_1,6.0,2.567,16,4,6
1944,right_2,4.862,3.533,2,1,5
1945,right_3,5.276,1.609,21,2,7
1946,ring,3.174,6.857,0,5,7
1947,risk,4.636,1.967,3,4,2
1948,river,3.2,4.476,1,1,7
1949,river_2,3.154,3.567,8,4,7
1950,road,5.0,4.323,2,4,7
1951,roar,2.4290000000000003,3.3480000000000003,4,1,2
1952,roar_2,2.909,4.458,0,5,2
1953,roast,1.6669999999999998,5.24,12,4,2
1954,rob,2.8080000000000003,4.333,0,4,2
1955,robot,2.926,6.424,36,4,7
1956,rock,3.7,4.289,0,2,7
1957,rocket_1,1.886,4.038,4,5,7
1958,rocket_2,2.063,5.257999999999999,5,5,2
1959,rocking_chair_1,1.926,2.7,1,4,7
1960,rocking_chair_2,2.52,2.5,2,4,7
1961,role,4.0710000000000015,2.667,1,5,7
1962,roll,3.4,6.5939999999999985,11,4,2
1963,roll_up_sleeves,4.0360000000000005,6.625,0,4,2
1964,rollerblading,2.111,3.9,2,4,7
1965,rollerskating,2.074,1.933,3,4,7
1966,roof,2.769,6.606,9,4,7
1967,room,5.742000000000001,4.154,24,4,7
1968,roommate,3.857,1.625,14,4,7
1969,rooster,2.667,4.381,1,1,7
1970,rope,2.083,3.68,0,0,7
1971,rose,3.63,1.4,0,1,7
1972,rough,4.185,2.636,4,5,6
1973,row,2.5,0.0,14,4,2
1974,rude,3.75,1.444,7,5,6
1975,ruin,4.7780000000000005,2.0,4,0,2
1976,rule,4.8889999999999985,1.774,1,5,7
1977,ruler,4.1110000000000015,2.258,4,4,7
1978,run,5.2,1.6669999999999998,0,3,2
1979,run_2,3.533,6.332999999999998,25,4,2
1980,run_faucet,4.88,1.68,5,1,2
1981,run_out_of,5.667000000000002,2.2,2,5,2
1982,rush,4.4,3.4,1,4,2
1983,russia_2,3.111,1.6130000000000002,16,1,3
1984,sad,5.24,5.8,2,4,6
1985,safe,5.037,2.0,10,4,6
1986,sail,1.652,2.303,5,1,2
1987,sail_2,2.84,2.68,0,5,2
1988,sailboat,2.615,2.903,0,5,7
1989,salad,4.704,3.667,13,4,7
1990,salt,4.92,1.037,1,0,7
1991,salt_shaker,4.688,6.5,7,1,7
1992,same_1,5.84,3.621,9,1,5
1993,same_2,3.4,1.767,10,4,5
1994,same_same,4.833,1.92,7,4,5
1995,same_time,4.607,1.875,3,4,5
1996,sandals,4.667,2.133,1,5,7
1997,sandwich,3.677,2.5380000000000003,0,5,7
1998,sandwich_2,3.409,2.958,24,4,7
1999,sandwich_3,4.24,5.64,3,4,7
2000,sandwich_4,3.04,5.16,32,4,7
2001,santa  ,3.333,3.394,2,4,7
2002,sarcastic,4.5710000000000015,1.769,0,4,6
2003,saturday,5.8889999999999985,1.0,5,1,3
2004,sauce,4.259,4.382,1,5,7
2005,sausage,3.28,4.063,4,4,7
2006,save,5.154,1.81,0,5,2
2007,save_money,5.332999999999998,2.75,1,2,2
2008,saw,1.571,5.875,11,1,2
2009,saw_2,5.2,3.958,3,5,2
2010,saxophone,1.963,5.45,3,4,7
2011,scan,4.433,4.032,0,5,7
2012,scar_memory,4.148,4.5,4,1,2
2013,scarcely,4.96,1.5,3,4,4
2014,scared,4.4,4.967,6,4,6
2015,scarf,2.24,5.905,0,3,7
2016,scarf_2,3.261,3.88,0,1,7
2017,scarf_3,4.167,3.24,1,1,7
2018,scarf_4,2.182,3.375,0,1,7
2019,schedule,5.92,2.857,1,5,7
2020,school,6.4,1.194,6,2,7
2021,science,4.852,1.3330000000000002,7,4,7
2022,scientist,3.516,1.41,7,4,7
2023,scissors,4.548,6.947,1,1,7
2024,scold,4.25,6.85,17,1,2
2025,scoop,2.481,6.565,0,5,2
2026,score,4.5360000000000005,3.1,7,5,2
2027,scout,1.524,2.917,2,1,7
2028,scratch,3.37,5.292000000000002,0,5,2
2029,scream,3.833,4.774,4,1,2
2030,screwdriver,2.923,5.567,0,5,7
2031,screwdriver_2,4.583,5.92,3,1,7
2032,screwdriver_3,2.875,5.2,1,5,7
2033,script,3.28,3.25,1,5,7
2034,scroll_down,3.423,5.3889999999999985,12,1,7
2035,scrub,4.258,5.933,10,5,2
2036,sculpt,3.6,2.917,9,5,2
2037,sculpture,3.767,1.867,9,5,7
2038,seal,2.375,4.69,24,4,7
2039,secret,4.2,2.306,6,1,7
2040,secretary,4.24,1.6669999999999998,1,1,7
2041,see,6.332999999999998,4.63,3,1,2
2042,see_see,5.69,4.13,3,1,2
2043,seem,5.148,1.909,0,1,2
2044,select,5.038,4.24,7,1,2
2045,self,3.964,3.95,4,1,5
2046,sell,4.966,1.652,4,4,2
2047,senate,3.846,1.739,1,1,7
2048,send,3.844,3.967,6,1,2
2049,senior_citizen,4.357,1.5,1,1,7
2050,sensitive,5.0,1.8,0,1,6
2051,sentence,4.5710000000000015,2.9,2,4,7
2052,sequence,4.1610000000000005,3.9,14,4,7
2053,serious,5.125,3.154,2,1,6
2054,serve_1,4.5310000000000015,2.6210000000000004,36,4,2
2055,serve_2,2.818,3.167,36,4,2
2056,set_up,4.16,3.065,0,5,2
2057,seven,5.296,2.75,4,1,1
2058,several,4.393,2.042,0,1,6
2059,sew,2.48,5.867000000000001,0,0,2
2060,shake_1,1.6669999999999998,4.966,1,3,2
2061,shake_2,2.76,5.563,25,4,2
2062,shakespeare,2.25,1.87,11,1,7
2063,shame,2.231,2.217,0,4,7
2064,shame_on_you,3.357,5.45,1,2,5
2065,shampoo,4.481,4.8610000000000015,5,4,7
2066,shape,3.444,4.788,0,4,7
2067,share,5.688,2.567,0,2,2
2068,shark_1,3.103,5.226,4,1,7
2069,shark_2,2.323,4.517,5,2,7
2070,sharp_1,3.815,3.0,0,5,6
2071,sharp_2,3.76,2.1,1,5,6
2072,sharpen_1,2.5,5.25,0,2,2
2073,sharpen_2,4.0,4.4,3,0,2
2074,sharpen_3,3.32,4.36,0,4,2
2075,shave,2.5,6.129,4,1,2
2076,shave_2,2.208,5.32,0,2,2
2077,shave_3,3.667,6.042000000000002,12,1,2
2078,shave_4,2.8,3.292,4,1,2
2079,shave_5,2.167,1.68,0,5,2
2080,sheep,3.222,1.767,0,1,7
2081,shelf,3.875,4.6,2,4,7
2082,shield,4.5710000000000015,4.12,10,1,7
2083,shiny,3.259,2.353,1,5,6
2084,shirt,2.867,5.922999999999999,7,1,7
2085,shirt_2,4.923,4.04,2,4,7
2086,shocked,4.037,4.833,46,1,6
2087,shoes,6.074,1.533,16,4,7
2088,shoot_1,3.133,6.625,0,3,2
2089,shoot_2,4.091,4.458,5,4,2
2090,shooting,3.593,6.667000000000002,0,4,2
2091,shop_1,5.067,2.314,3,5,2
2092,shop_2,6.231,1.5,1,4,7
2093,short_distance,5.0360000000000005,2.75,1,1,7
2094,short_person,3.821,4.875,9,1,7
2095,short_word,2.263,4.52,1,4,7
2096,shorts,4.1,3.686,1,4,7
2097,shot,3.743,4.769,1,1,2
2098,should,6.1110000000000015,1.875,6,1,2
2099,shoulder,3.704,6.7,3,1,7
2100,shoulder_2,3.92,6.6,0,1,7
2101,shoulder_3,4.4,6.24,8,1,7
2102,shout_1,4.034,4.87,4,1,2
2103,shout_2,3.9,2.917,2,1,2
2104,shovel,3.167,6.314,14,4,7
2105,shovel_2,2.609,4.88,0,5,7
2106,show,5.332999999999998,2.5,20,5,2
2107,shower,5.593,5.367000000000001,0,1,7
2108,shrimp,3.357,2.351,7,1,7
2109,shut_out,5.148,4.35,6,4,2
2110,shy,3.88,2.111,0,1,6
2111,sick,5.32,3.692,3,4,6
2112,side,4.0,4.8260000000000005,4,1,6
2113,sideburns,1.5419999999999998,5.667000000000002,2,4,7
2114,sign,5.9,0.0,12,4,7
2115,sign_language,5.222,2.4,10,4,7
2116,sign_paper,4.714,2.333,3,5,2
2117,signature,5.481,2.313,3,5,7
2118,signing_fluently,5.556,1.839,5,4,2
2119,silly,5.4,2.741,5,1,6
2120,silver,2.077,1.167,0,1,7
2121,since,5.115,1.4580000000000002,0,4,5
2122,sing,3.0,2.56,2,1,2
2123,single,4.607,2.6,5,1,6
2124,single_out,5.1,1.375,1,5,2
2125,sink,2.406,3.467,6,5,2
2126,siren,1.789,5.45,11,4,7
2127,sister,5.385,1.208,6,1,7
2128,sit,5.615,3.56,0,5,2
2129,situation,4.857,1.3330000000000002,0,5,7
2130,six,5.074,2.55,4,1,1
2131,skate,2.8,2.4330000000000003,4,4,2
2132,skateboarding,1.893,4.63,0,5,2
2133,skateboarding_2,4.407,1.2,3,4,2
2134,skateboarding_3,3.4760000000000004,2.625,0,5,2
2135,ski,3.148,1.161,4,4,7
2136,ski-ca,3.292,4.04,4,4,2
2137,skill,5.704,1.6880000000000002,0,5,6
2138,skin,4.923,4.242,3,1,7
2139,skirt,3.567,5.256,3,4,7
2140,skunk,3.28,2.345,0,1,7
2141,slave,2.833,3.063,13,4,7
2142,sled_1,2.056,2.576,5,2,7
2143,sled_2,2.0,2.031,3,4,2
2144,sleep,6.6,4.833,1,1,2
2145,slice_1,3.346,5.542000000000002,0,5,2
2146,slice_2,5.08,5.24,17,2,2
2147,slice_3,5.792000000000002,5.667000000000002,9,2,2
2148,slice_4,4.042,4.923,0,5,2
2149,slide,3.192,6.03,11,1,2
2150,slide_2,2.84,5.24,0,0,2
2151,slingshot,1.714,4.226,0,0,7
2152,slip_1,3.276,4.56,21,2,2
2153,slip_2,5.16,5.207999999999998,2,5,2
2154,slipper,3.057,3.48,5,5,7
2155,slow,4.64,2.033,0,2,6
2156,small,5.0,4.083,8,4,6
2157,smart,5.222,3.903,0,1,6
2158,smell,5.4060000000000015,5.132999999999999,9,1,7
2159,smell_money,2.7310000000000003,5.332999999999998,11,1,2
2160,smile,4.074,6.636,1,4,7
2161,smile_2,5.56,6.654,1,4,2
2162,smoke,3.111,3.9,0,5,7
2163,smoking,3.4330000000000003,6.806,1,1,2
2164,smooth,4.75,2.25,0,4,6
2165,snail,1.765,4.069,0,5,7
2166,snake,3.4,4.526,1,1,7
2167,snap,4.692,6.645,0,1,2
2168,snap_stick,4.37,4.24,13,4,2
2169,sneak_adventure,4.704,3.485,2,5,2
2170,sneeze,2.533,6.806,0,1,2
2171,sneeze_2,5.56,6.875,1,1,2
2172,snob,3.92,3.967,1,1,7
2173,snorkel,3.03,4.52,7,1,7
2174,snow,3.097,4.053,1,1,7
2175,snow_2,5.36,2.846,12,4,2
2176,snowboard,3.96,1.56,11,4,2
2177,snowman,2.692,1.3,1,4,7
2178,snowsuit,2.0,2.455,1,4,7
2179,so,5.63,2.633,1,1,5
2180,soap,5.097,2.457,0,5,7
2181,soap_2,2.048,4.1610000000000005,0,1,2
2182,soccer,3.8,1.7619999999999998,1,2,7
2183,soccer_2,4.346,3.545,0,5,2
2184,social,5.2860000000000005,2.542,11,4,7
2185,socialize,3.3480000000000003,3.65,2,4,2
2186,society,3.63,2.25,10,4,7
2187,socks,5.12,1.524,10,4,7
2188,soda,4.533,2.361,0,5,7
2189,sofa,3.963,1.8,4,4,7
2190,soft,4.467,2.719,0,4,6
2191,softball,4.7410000000000005,4.448,14,4,7
2192,some,5.625,2.259,17,2,5
2193,somersault_1,3.034,5.52,12,4,7
2194,somersault_2,2.05,3.25,0,5,2
2195,somersault_3,2.889,2.76,6,4,2
2196,something,6.0,2.167,12,1,5
2197,sometimes,5.813,2.133,8,5,5
2198,son,4.88,2.2,3,1,7
2199,soon_1,6.259,1.833,7,1,6
2200,soon_3,3.963,1.4580000000000002,9,1,6
2201,sophisticated,4.37,2.355,1,1,6
2202,sophomore,3.241,1.2919999999999998,0,5,6
2203,sorry,5.632999999999999,3.633,1,1,6
2204,sound,4.6789999999999985,5.625,11,1,7
2205,soup,4.548,5.332999999999998,1,5,7
2206,sour,3.926,3.094,2,1,6
2207,south,4.0,1.222,10,1,7
2208,sow,3.704,2.5,0,1,2
2209,space,4.7410000000000005,1.4169999999999998,2,5,7
2210,spaceship,1.25,1.1740000000000002,2,1,7
2211,spaghetti,3.935,2.718,1,4,7
2212,spain,3.333,1.7,0,1,3
2213,speakers,2.25,4.654,3,4,7
2214,special_1,3.5,2.0,0,5,6
2215,special_2,5.1,2.24,0,3,6
2216,specialist,4.25,1.95,7,2,7
2217,specific,4.4060000000000015,2.5,0,0,6
2218,spend,3.3710000000000004,1.577,0,4,2
2219,spend_lots_of_money,3.645,2.31,0,4,2
2220,spicy,4.31,3.087,1,1,6
2221,spider,3.192,5.792000000000002,14,4,7
2222,spill_1,4.148,4.107,8,4,2
2223,spill_2,3.72,3.92,0,5,2
2224,spit_out,3.63,5.132999999999999,1,1,2
2225,splash-ca,3.143,4.542,5,4,2
2226,spontaneous,4.5,2.7,0,4,6
2227,spoon,3.44,3.267,1,0,7
2228,sports,4.333,1.364,3,4,7
2229,spot_something,3.68,4.2330000000000005,45,1,2
2230,spread_1,4.8889999999999985,0.0,8,4,2
2231,spread_2,4.13,5.192,0,5,2
2232,spread_3,2.875,5.04,2,2,2
2233,spring,4.4,3.2260000000000004,1,5,7
2234,square,4.1,6.667000000000002,0,4,7
2235,square_idiot,5.1,1.5419999999999998,3,1,6
2236,squeeze,2.0,3.792,4,1,2
2237,squirrel,2.8,2.917,1,0,7
2238,sshh,4.438,6.774,22,1,5
2239,stack_1,2.476,5.667000000000002,1,5,2
2240,stack_2,4.273,6.292000000000002,4,4,2
2241,stack_3,4.56,6.56,5,4,2
2242,stack_4,2.783,5.6,0,4,2
2243,stadium,3.852,2.0,7,4,7
2244,staff,3.967,1.3330000000000002,1,1,7
2245,stairs,5.4,3.81,2,1,7
2246,stamp,2.762,3.0860000000000003,1,0,7
2247,stamp_1,5.259,6.257999999999999,1,5,2
2248,stamp_2,4.963,2.813,2,5,7
2249,stand_1,5.2189999999999985,4.967,14,5,2
2250,stand_2,3.64,4.125,0,0,2
2251,stand_up,5.2410000000000005,3.913,7,5,2
2252,stapler,3.222,6.0,0,1,2
2253,star,5.083,2.476,10,4,7
2254,starbucks,5.32,1.1,0,4,3
2255,stare,4.63,4.966,2,1,2
2256,stars,4.323,3.579,10,4,7
2257,start,5.76,3.871,0,5,2
2258,state,5.1110000000000015,1.594,1,5,7
2259,stay,5.815,4.0,4,4,2
2260,stay_awake_24hrs,3.733,2.6,1,4,2
2261,steak,2.261,1.548,0,5,7
2262,steal,3.067,2.704,1,1,2
2263,steam,2.087,4.083,0,4,7
2264,step,4.114,5.32,0,2,2
2265,stethoscope,1.3330000000000002,4.458,2,4,7
2266,stethoscope_2,2.588,4.154,3,4,7
2267,stethoscope_3,2.895,4.72,3,4,7
2268,stethoscope_4,3.214,4.792,0,4,7
2269,sticky,4.63,5.419,1,4,6
2270,still,5.667000000000002,2.067,1,4,4
2271,stimulate,4.143,2.0,0,5,2
2272,sting,2.889,5.5,0,5,2
2273,stink,4.214,6.85,2,1,6
2274,stir,3.423,6.739,0,5,2
2275,stockings,1.773,2.8,0,4,7
2276,stomach,3.5860000000000003,5.972,3,1,7
2277,stop,5.704,3.595,13,2,2
2278,stopwatch,2.333,5.1560000000000015,5,1,7
2279,story_1,4.714,1.346,0,4,7
2280,story_2,4.933,1.625,2,4,7
2281,story_3,4.5710000000000015,1.3330000000000002,6,4,7
2282,straight,5.5710000000000015,6.16,8,1,6
2283,strain_1,3.84,2.0,0,5,2
2284,strain_2,5.0,2.24,0,0,2
2285,strange,5.0,1.833,7,1,6
2286,strangle,2.714,5.457999999999998,9,4,2
2287,straw,3.462,5.257999999999999,0,0,7
2288,strawberry,2.524,1.595,7,1,7
2289,strawberry_2,5.667000000000002,1.2919999999999998,2,1,7
2290,strawberry_3,2.947,1.538,0,1,7
2291,strawberry_4,2.885,1.36,4,1,7
2292,street,5.29,4.368,24,4,7
2293,stress,5.125,1.6,1,3,7
2294,stretch-ca,4.36,6.667000000000002,0,4,2
2295,stretch_1,5.2,3.875,1,2,2
2296,stretch_2,2.708,4.4,6,4,2
2297,strict,3.8,1.8,1,1,6
2298,string,4.259,4.8439999999999985,2,4,7
2299,stripe,3.429,4.5,2,1,7
2300,strong,4.926,6.55,9,4,6
2301,structure,4.25,1.85,6,4,7
2302,struggle,5.0,2.25,12,4,2
2303,stubborn,4.64,2.367,0,1,6
2304,stuck,5.542999999999998,3.077,1,1,6
2305,student,4.704,1.9,1,5,7
2306,study,5.444,1.724,1,5,2
2307,stumble,2.481,3.84,19,4,2
2308,stupid_1,4.1,3.767,3,1,6
2309,stupid_2,4.633,4.1610000000000005,1,1,6
2310,subtract,3.96,3.3,2,5,2
2311,suck,3.24,4.063,9,1,2
2312,suck_thumb,2.217,6.2,8,1,2
2313,suit,4.593,2.367,0,4,7
2314,summarize,4.538,3.04,10,4,2
2315,summer,4.958,1.433,2,1,7
2316,summon,6.042000000000002,1.25,0,5,2
2317,sun,4.633,4.593,0,1,7
2318,sunbathe,3.1,2.667,2,1,2
2319,sunbathe_2,4.64,1.52,1,5,2
2320,sunday_2,1.0,1.6,0,0,3
2321,sunrise,3.893,5.457999999999998,7,1,2
2322,sunset,3.44,4.3,3,1,7
2323,superior,4.133,3.16,3,2,6
2324,supervise,4.467,1.4169999999999998,7,4,2
2325,supervisor,3.967,1.56,7,4,7
2326,support_1,5.962999999999999,2.0,3,2,7
2327,support_2,4.769,4.194,17,4,2
2328,sure,5.4,2.914,22,1,6
2329,surf,3.032,2.923,0,5,2
2330,surgeon,3.148,1.467,2,5,7
2331,surgery,4.0710000000000015,3.958,8,5,7
2332,surprise,4.583,4.481,2,4,7
2333,sushi,4.269,1.32,7,5,7
2334,suspect,3.967,3.222,2,1,7
2335,suspend,4.357,2.95,4,4,2
2336,suspenders_1,2.143,3.969,0,4,7
2337,suspenders_2,2.286,4.44,0,4,2
2338,swallow,3.76,5.567,5,1,2
2339,swear_in,2.8,6.6,11,2,2
2340,sweat,4.0360000000000005,4.13,0,1,2
2341,sweater,3.654,2.516,2,4,7
2342,sweater_2,2.0,1.64,0,4,7
2343,sweater_3,4.417,3.167,4,4,7
2344,sweatpants,1.714,2.4,1,4,7
2345,sweatshirt,1.8,2.654,1,4,7
2346,sweep,3.259,4.6,11,2,2
2347,sweet,5.31,2.174,3,1,6
2348,sweetheart,3.556,3.0,0,4,7
2349,swim,4.2,4.033,7,4,2
2350,swim_2,5.32,6.885,7,4,2
2351,swing,1.8,6.29,5,1,2
2352,swing_2,3.815,5.645,3,4,2
2353,switzerland,2.231,2.667,2,1,3
2354,sword,2.033,5.875,6,1,7
2355,sympathy,4.222,2.233,5,4,7
2356,system,4.643,2.15,7,4,7
2357,table,6.0,4.238,8,1,7
2358,tablet,5.4,3.174,2,5,7
2359,tail,1.875,4.833,0,1,7
2360,tail_2,4.346,3.48,0,2,7
2361,take,5.037,5.323,6,1,2
2362,take_care,5.444,2.091,5,4,2
2363,take_notes,4.815,3.938,0,5,2
2364,take_off,4.64,5.545,0,5,2
2365,take_off,2.167,2.542,5,2,2
2366,take_pill,3.217,3.97,1,1,2
2367,talk,5.332999999999998,2.8,6,1,2
2368,talk_2,3.0380000000000003,6.65,2,1,2
2369,talk_dirty,4.423,1.565,6,5,2
2370,tall_1,4.84,4.379,20,5,6
2371,tall_2,5.0,5.519,9,1,6
2372,tan,4.222,1.903,4,1,6
2373,tanktop,3.719,3.615,1,4,7
2374,tape,2.955,3.1,3,0,7
2375,taste,5.867000000000001,4.25,3,1,2
2376,tea,4.556,4.433,1,5,7
2377,teach,4.609,1.452,1,4,2
2378,teach_2,6.6,1.4580000000000002,0,4,2
2379,teacher,6.074,1.433,1,4,7
2380,team,5.714,1.88,5,4,7
2381,tear,2.967,6.8889999999999985,10,1,2
2382,tear_rip_1,4.185,6.6,5,4,2
2383,tear_rip_2,5.4,6.846,0,0,2
2384,tease,5.556,1.8,2,0,2
2385,technology,6.2,1.219,0,5,7
2386,teenager,3.75,1.1740000000000002,5,1,7
2387,teeth,4.519,6.667000000000002,2,1,7
2388,telephone,5.481,7.0,6,1,7
2389,tell,5.933,5.667000000000002,7,1,2
2390,temper_blow_up,4.333,1.774,46,1,2
2391,temporary,5.115,1.5,8,0,6
2392,temptation,3.552,1.267,10,1,7
2393,tend_your,5.259,1.905,0,1,2
2394,tendency,4.769,2.045,3,4,7
2395,tennis,2.387,5.0,3,1,7
2396,tent,3.813,3.467,0,4,7
2397,test,4.7410000000000005,1.529,1,4,7
2398,text,5.435,3.967,4,4,2
2399,than,2.474,1.355,1,2,5
2400,thank_you,6.5710000000000015,5.13,5,1,2
2401,thanksgiving,2.481,1.429,1,1,7
2402,that,5.5,3.0,5,1,5
2403,theater,3.963,1.6569999999999998,6,4,7
2404,then,4.444,2.545,3,5,5
2405,theory_1,3.379,2.739,5,1,7
2406,therapy,3.893,1.375,4,5,7
2407,there,5.962999999999999,6.257999999999999,22,1,4
2408,thermometer,4.577,2.645,4,2,7
2409,these,4.72,3.773,18,1,5
2410,they_1,5.114,3.76,18,1,5
2411,they_2,4.8889999999999985,4.9030000000000005,18,1,5
2412,thief_1,1.588,1.5,0,1,7
2413,thief_2,3.68,1.519,1,1,2
2414,thin,3.333,1.704,2,4,6
2415,things,4.84,2.3,11,1,7
2416,think,5.867000000000001,6.582999999999998,5,1,2
2417,think_chin.m4v,5.32,6.769,2,1,2
2418,think_connect,4.259,3.2260000000000004,46,1,2
2419,think_expand,5.259,4.063,46,1,2
2420,think_obsess,4.692,1.95,46,1,2
2421,think_over,2.7310000000000003,4.633,31,1,2
2422,think_penetrate,4.481,3.759,46,1,2
2423,think_ponder,6.148,2.76,0,1,0
2424,third_1,4.481,4.065,3,1,1
2425,third_2,4.4,3.36,3,1,1
2426,thirsty,5.3,4.1389999999999985,3,1,6
2427,this/it,6.519,5.394,22,1,5
2428,thought_disappear,5.148,3.393,46,1,2
2429,three,6.08,6.667000000000002,2,1,1
2430,thrilled,6.0,2.613,0,4,6
2431,throw,3.6,5.5139999999999985,0,1,2
2432,throw_2,5.185,6.875,6,1,2
2433,throw_away,4.25,5.667000000000002,1,1,2
2434,thunder,4.0,3.606,3,2,7
2435,thursday,5.042,1.1,1,1,3
2436,ticket,5.0,2.448,0,5,7
2437,tickle,2.0,5.35,3,4,2
2438,tie,2.143,4.603,3,1,7
2439,tie_2,4.583,6.457999999999998,0,2,2
2440,tie_up_1,6.0,6.12,2,4,2
2441,tie_up_2,2.296,5.28,7,4,2
2442,tiger,3.097,3.711,2,4,7
2443,time,6.375,6.7,8,1,7
2444,time_progress,4.5,3.391,21,2,5
2445,time_to_time,5.167000000000002,2.833,11,1,5
2446,timeout,5.542000000000002,6.832999999999998,10,2,2
2447,tiny,2.577,6.832999999999998,6,1,6
2448,tired,6.5379999999999985,3.806,3,4,6
2449,tired_of,5.815,0.0,0,1,4
2450,tissue,5.0,4.4689999999999985,1,1,7
2451,to,4.4,2.75,7,2,5
2452,to_a_goal,5.037,2.97,46,1,4
2453,toast,4.185,1.3869999999999998,0,5,7
2454,tobacco,2.37,1.767,0,1,7
2455,today,6.4060000000000015,2.1,7,4,7
2456,together,4.615,4.767,0,4,7
2457,toilet,5.962999999999999,1.533,12,1,7
2458,tomato,4.926,1.133,47,1,7
2459,tomorrow,6.346,1.516,1,1,7
2460,tongue,2.0,4.227,1,1,7
2461,too_much,5.063,4.267,10,4,6
2462,toothbrush,5.269,6.3039999999999985,1,1,7
2463,toothbrush-ca,5.96,6.615,10,1,2
2464,top,4.393,4.75,11,2,6
2465,topic,4.7860000000000005,2.8,3,4,7
2466,tornado,1.815,2.533,0,4,7
2467,toss,2.667,5.478,1,1,2
2468,toss_out,4.148,5.391,2,4,2
2469,total,4.25,3.5,2,4,7
2470,touch,5.346,6.238,0,5,2
2471,tough,5.0,1.833,0,0,6
2472,tournament,3.96,1.6669999999999998,5,4,7
2473,tow_1,3.04,5.65,2,0,2
2474,tow_2,4.519,4.16,0,0,2
2475,tow_3,4.36,5.375,2,0,2
2476,towel,4.148,5.273,9,4,7
2477,toy_1,6.029,1.6,4,4,7
2478,toy_2,2.783,1.25,6,1,7
2479,toy_3,4.2860000000000005,1.6669999999999998,1,4,7
2480,tractor,2.579,4.75,9,4,7
2481,tradition,3.897,1.217,7,4,7
2482,traffic,4.0,1.926,19,4,7
2483,train,4.6,1.4,2,0,7
2484,transfer,4.552,2.0,3,1,2
2485,transgender,4.267,1.083,0,1,6
2486,translate,4.296,2.486,1,4,2
2487,trash,4.871,1.444,5,1,7
2488,travel,4.64,2.1,2,1,2
2489,tree,5.143,4.232,4,1,7
2490,triangle,3.067,6.8,9,4,7
2491,trim_1,3.652,2.769,1,4,2
2492,trim_2,3.385,4.08,5,0,2
2493,trip_1,4.391,2.083,5,2,2
2494,trip_2,2.958,3.0380000000000003,0,5,2
2495,triple,3.8,2.72,0,5,1
2496,trophy,3.0,1.581,4,4,7
2497,trouble,4.76,2.3,2,4,7
2498,truck_1,2.588,1.55,1,4,7
2499,truck_2,3.483,2.24,11,4,7
2500,true,5.4620000000000015,2.16,21,1,6
2501,true_business,5.033,1.6769999999999998,47,1,6
2502,truth,5.233,1.75,9,5,7
2503,try,3.542,1.633,8,4,2
2504,tty,2.333,3.069,2,1,7
2505,tube,3.192,5.45,12,4,7
2506,tube_top,4.2,5.32,3,4,7
2507,tuesday,5.5520000000000005,1.304,4,1,3
2508,turban,2.0,5.75,0,1,7
2509,turkey,2.5,1.967,6,1,7
2510,turkey_2,3.154,2.083,6,1,7
2511,turn,4.7,3.167,3,1,2
2512,turn_around,2.414,6.56,6,1,2
2513,turn_key,3.914,6.44,6,1,2
2514,turtle,3.63,3.733,0,5,7
2515,TV,6.067,2.481,4,1,7
2516,twins_1,3.4,2.273,0,1,7
2517,twins_2,3.04,1.48,0,1,7
2518,twirl,3.367,6.25,11,4,2
2519,two,5.2860000000000005,6.962999999999999,7,1,1
2520,two_more,2.783,4.2330000000000005,1,1,1
2521,two_of_us,5.357,3.435,0,1,5
2522,two_weeks,4.724,2.652,14,5,1
2523,type,4.52,1.222,4,4,7
2524,type,4.296,6.4060000000000015,19,4,7
2525,udder,2.435,5.484,6,4,7
2526,ugly,4.1,3.633,3,1,6
2527,umbrella,3.556,3.933,4,2,7
2528,unaware,4.5,2.375,11,1,6
2529,uncertain,4.393,3.826,11,4,6
2530,uncle,4.407,1.032,0,1,7
2531,under,4.4060000000000015,3.968,0,5,5
2532,undergraduate,3.63,1.5219999999999998,0,5,6
2533,understand,6.1,4.633,4,1,2
2534,underwear,3.08,5.714,0,4,7
2535,underwear_2,4.56,1.083,1,1,7
2536,unicorn,2.926,6.2,2,1,7
2537,unique,5.37,1.727,0,5,6
2538,universe,5.222,1.6,0,4,7
2539,university,5.332999999999998,1.444,8,5,7
2540,until,3.643,2.13,4,2,5
2541,up,4.3439999999999985,6.84,22,1,5
2542,upload,3.5,3.4330000000000003,3,4,2
2543,upset_1,4.815,2.8480000000000003,0,1,6
2544,upset_2,4.607,1.833,0,1,6
2545,us,3.071,2.458,3,1,5
2546,use,5.346,1.6669999999999998,5,0,2
2547,vacation,4.92,1.167,6,4,7
2548,vacuum,3.692,4.52,7,1,2
2549,vagina,4.0,2.8710000000000004,3,4,7
2550,vain,2.652,2.125,0,4,6
2551,validate,3.107,3.917,1,5,2
2552,valley,3.63,5.152,8,4,7
2553,value,3.714,1.5830000000000002,2,4,7
2554,vampire,4.48,4.36,0,1,7
2555,vanilla,2.87,0.0,4,1,7
2556,vanish,4.4289999999999985,3.3480000000000003,0,4,2
2557,vase,1.579,3.0,1,4,7
2558,vegetable,4.931,1.2,1,1,7
2559,verb,2.522,2.19,3,1,7
2560,very,4.667,2.25,2,4,5
2561,very_interested,4.12,2.903,4,4,6
2562,vest,2.885,4.522,5,4,2
2563,vibrate,3.276,4.92,19,4,2
2564,videocamera,4.56,1.567,2,5,7
2565,videocamera_2,1.5,2.16,0,1,7
2566,videogame,5.607,5.5,4,4,7
2567,videophone,5.8,1.5930000000000002,1,4,7
2568,view,4.5939999999999985,0.0,2,1,2
2569,village,5.444,1.76,36,4,7
2570,violin,1.72,7.0,6,1,7
2571,vision,5.0,4.583,3,4,7
2572,visit,5.0710000000000015,1.696,4,4,2
2573,visitor,4.3,1.5830000000000002,3,4,7
2574,visualize,4.893,5.4,3,4,2
2575,vitamins,3.406,0.0,4,1,7
2576,vlog,5.103,1.261,2,4,7
2577,vocabulary,3.714,2.3,0,5,7
2578,voice,4.333,4.8,0,1,7
2579,volleyball,3.111,3.567,2,4,7
2580,volunteer,4.7860000000000005,1.565,9,1,7
2581,vomit,3.444,6.419,3,4,2
2582,vote,3.76,3.0,1,5,7
2583,W.H.A.T,6.222,4.7330000000000005,0,1,5
2584,wade,3.393,3.5,0,4,2
2585,wade_2,4.24,2.077,1,4,2
2586,wait,5.88,2.0,4,4,2
2587,waiter,4.484,1.568,36,4,7
2588,walk,6.1110000000000015,4.806,1,4,2
2589,walk-tightrope-cl,2.35,4.32,0,5,2
2590,walk_2,5.759,4.87,2,1,2
2591,wall,4.686,5.231,7,4,7
2592,wallet,2.962,3.625,17,4,7
2593,walrus,1.731,3.533,2,4,7
2594,wand,2.1,4.8439999999999985,5,1,7
2595,wander,3.548,3.487,15,1,2
2596,want,5.9,4.583,8,4,2
2597,want_2,6.771,3.2310000000000003,8,4,2
2598,war,3.68,2.4330000000000003,2,4,7
2599,warm,4.4,1.367,0,1,6
2600,warn,5.36,2.444,9,2,2
2601,wash_1,5.8,5.692,12,4,2
2602,wash_3,5.52,3.917,7,4,2
2603,wash_dishes,5.1110000000000015,5.375,7,5,2
2604,wash_face_1,4.296,6.3,5,4,2
2605,wash_face_2,3.5860000000000003,6.6960000000000015,1,4,2
2606,wash_hands,4.48,6.5760000000000005,1,2,2
2607,wash_machine,5.567,2.889,4,4,7
2608,waste,3.724,2.3,1,5,2
2609,watch,5.667000000000002,2.29,2,1,2
2610,water,6.962999999999999,1.6,2,1,7
2611,water_ski,2.852,1.515,3,1,2
2612,waterdrop,2.28,3.4,1,1,7
2613,wave,3.48,6.5710000000000015,8,4,7
2614,way,4.033,4.667,24,4,7
2615,we,6.037000000000001,3.2110000000000003,4,1,5
2616,we_will_see,6.481,4.273,3,1,2
2617,weak,3.967,2.481,0,5,6
2618,wear,4.478,2.167,6,4,2
2619,weather,4.433,3.028,0,4,7
2620,weave,1.429,3.696,1,4,2
2621,wedding,4.615,1.682,0,4,7
2622,wednesday,5.56,2.667,2,1,3
2623,week,6.04,1.6,20,5,7
2624,weekend_2,2.708,2.0,0,5,7
2625,weigh,4.654,2.56,5,0,2
2626,weight,4.9060000000000015,3.167,5,0,7
2627,weird,4.25,2.043,0,1,6
2628,welcome_1,4.2330000000000005,2.56,1,1,4
2629,well,5.0,4.206,15,4,4
2630,west,4.154,2.72,4,1,7
2631,wet,4.52,1.7,2,4,6
2632,whale,3.0,3.35,0,1,7
2633,what_1,6.407,6.581,19,4,5
2634,what_2,3.815,0.0,20,5,5
2635,what_for,5.867000000000001,3.148,0,1,5
2636,whatever,3.88,2.0,12,4,4
2637,wheel,3.857,5.0,11,4,7
2638,wheelbarrow,2.0,4.813,9,4,7
2639,wheelchair,4.667,3.5,11,4,7
2640,when,5.6,1.914,2,2,5
2641,where,6.24,1.7,17,1,5
2642,which,5.8,3.259,11,4,5
2643,while,4.714,1.783,9,4,5
2644,whip,2.696,6.381,6,1,2
2645,whisper,4.3210000000000015,4.25,0,1,2
2646,whistle,2.926,4.1,1,1,7
2647,whistle_3,4.28,6.5,2,1,7
2648,white,4.667,1.167,1,1,6
2649,white_person,4.6,2.04,1,1,6
2650,who,6.233,3.367,2,1,5
2651,whole,4.067,5.6,10,4,4
2652,why,6.269,3.306,0,1,5
2653,why_not,5.185,2.0,1,1,5
2654,wide,3.448,6.32,24,4,6
2655,wife,5.154,1.5830000000000002,5,1,7
2656,will,6.185,1.97,9,1,2
2657,will_go,3.136,2.167,4,1,2
2658,win,4.96,2.1,0,2,2
2659,wind,4.714,4.87,19,4,7
2660,windmill,2.286,2.533,5,5,7
2661,windmill_2,3.357,2.56,5,5,7
2662,windmill_3,3.35,3.875,12,1,7
2663,window,5.48,4.19,10,2,7
2664,window_open,4.188,4.8,11,2,2
2665,windy,4.654,6.059,12,4,6
2666,wine,5.332999999999998,1.176,1,1,7
2667,wink,3.0,5.75,3,1,2
2668,winter,6.0,3.781,25,4,7
2669,wise,4.926,2.419,4,1,6
2670,wish,4.867,2.7,11,1,7
2671,witch,1.739,2.762,0,1,7
2672,witch_2,2.917,1.5419999999999998,6,1,7
2673,with,5.033,4.593,0,4,5
2674,without,4.643,2.833,7,4,5
2675,wolf,3.0,2.737,0,1,7
2676,woman,5.933,1.259,5,1,7
2677,woman_2,6.1110000000000015,1.44,10,1,7
2678,wonder,5.36,4.667,9,1,2
2679,wood,4.2,3.278,9,2,7
2680,word,5.207000000000002,1.548,0,5,7
2681,work,6.739,1.733,2,2,2
2682,work_out,5.563,4.613,25,4,2
2683,workshop,4.3,1.88,0,4,7
2684,world,5.32,2.5,0,4,7
2685,worm,2.125,4.6,3,5,7
2686,worry,4.1,3.593,2,4,2
2687,worse,4.222,1.8,3,4,6
2688,wow,5.704,2.7880000000000003,2,1,5
2689,wrap,3.594,5.067,0,4,2
2690,wrap_up,3.3080000000000003,5.188,1,4,2
2691,wrap_up_2,5.125,4.792,7,4,2
2692,wrestle,3.467,3.042,5,4,2
2693,wring,2.708,6.0,2,4,2
2694,wristwatch,3.84,5.704,8,1,7
2695,wristwatch_2,5.0,5.28,5,1,7
2696,wristwatch_3,5.185,5.36,2,1,7
2697,write,5.593,6.5710000000000015,4,5,2
2698,write_on_wall,3.385,5.7189999999999985,7,1,2
2699,wrong_1,6.08,1.889,6,1,6
2700,wrong_2,5.667000000000002,1.389,3,1,6
2701,yawn_1,3.4810000000000003,0.0,9,1,2
2702,yawn_2,3.45,1.75,0,0,2
2703,yawn_3,3.84,4.538,0,0,2
2704,yawn_4,4.52,4.84,0,1,2
2705,yay,6.067,6.5,0,4,5
2706,yeah,5.704,3.229,9,1,5
2707,year,5.44,1.267,7,4,7
2708,yellow,4.481,1.0,3,1,6
2709,yes,6.885,2.8,11,1,5
2710,yesterday,5.8889999999999985,1.086,3,1,4
2711,you,6.8889999999999985,6.839,22,1,5
2712,young,4.962,1.375,3,1,6
2713,your,6.222,2.576,8,1,5
2714,yourself,5.25,2.8280000000000003,3,5,5
2715,yoyo,1.808,6.25,0,1,7
2716,yucky,4.4289999999999985,5.115,2,4,6
2717,zebra,2.556,2.813,0,4,7
2718,zero,4.192,6.565,5,1,1
2719,zipper,3.148,6.394,0,0,7
2720,zoo,3.533,2.1,3,1,7
2721,zoom_in,3.958,4.667,0,4,2
2722,zoom_off,4.333,3.742,0,5,2
