Code,SignFrequency(M),Iconicity(M),LexicalClass,SignType
C_02_025,3.034,1.074,2.0,2.0
B_01_062,5.120,5.481,2.0,3.0
C_02_055,4.267,2.654,5.0,2.0
C_02_080,4.133,2.741,5.0,3.0
H_03_25,2.963,2.833,6.0,3.0
G_01_40,5.444,1.889,7.0,4.0
B_02_072,5.480,2.067,1.0,4.0
B_02_003,3.522,2.133,1.0,2.0
E_01_73,3.094,1.917,2.0,3.0
H_02_42,5.500,2.739,7.0,5.0
H_02_86,5.036,2.565,2.0,2.0
B_02_059,4.120,3.300,7.0,5.0
C_02_085,4.467,1.963,7.0,5.0
F_02_48,1.737,6.065,2.0,5.0
A_03_044,3.240,2.476,2.0,2.0
H_01_34,5.250,2.296,7.0,5.0
B_02_038,4.280,1.600,7.0,5.0
C_01_026,4.533,2.200,2.0,5.0
A_03_047,4.440,1.524,2.0,5.0
E_02_30,5.188,2.900,7.0,4.0
H_02_73,4.250,2.391,3.0,3.0
D_01_016,4.889,1.486,2.0,5.0
C_03_008,4.600,2.229,2.0,5.0
H_03_59,4.714,1.375,7.0,2.0
A_02_082,3.667,2.100,2.0,3.0
B_02_030,3.880,3.200,1.0,4.0
H_03_3,4.429,3.750,7.0,4.0
B_02_071,5.400,1.700,2.0,3.0
H_01_44,4.000,2.036,2.0,5.0
C_02_078,5.033,3.148,2.0,3.0
D_03_068,4.808,1.773,2.0,3.0
C_01_085,4.400,1.667,2.0,2.0
H_02_87,2.556,1.174,4.0,3.0
E_03_12,5.333,1.531,2.0,4.0
H_02_22,4.750,1.913,7.0,5.0
C_03_088,5.300,2.800,1.0,4.0
H_02_93,5.464,3.304,6.0,3.0
H_01_96,4.370,4.800,6.0,3.0
H_03_78,3.407,6.208,6.0,5.0
H_01_84,4.083,3.792,6.0,3.0
G_03_72,2.067,1.550,2.0,5.0
D_02_024,3.963,2.161,3.0,3.0
H_01_1,4.429,3.560,6.0,3.0
B_02_024,3.880,2.633,2.0,3.0
D_02_093,4.778,3.097,3.0,3.0
C_02_006,4.500,1.593,4.0,5.0
G_02_75,5.259,2.129,7.0,5.0
B_03_072,5.208,1.567,1.0,3.0
A_03_085,3.167,4.667,2.0,5.0
B_01_070,4.960,2.741,3.0,5.0
B_03_002,5.400,1.600,2.0,5.0
C_01_086,4.600,4.200,7.0,5.0
E_03_65,5.067,2.700,7.0,5.0
F_01_27,3.538,6.030,2.0,5.0
G_01_16,5.259,1.867,1.0,3.0
H_01_59,4.214,2.037,1.0,3.0
E_02_33,4.719,5.067,3.0,5.0
C_03_064,4.900,2.361,7.0,2.0
A_03_054,5.720,1.619,2.0,3.0
C_01_088,5.033,1.767,2.0,4.0
H_02_70,3.786,1.261,4.0,3.0
G_03_60,2.333,2.476,2.0,2.0
H_02_15,5.071,2.783,2.0,2.0
F_03_72,5.222,3.469,7.0,5.0
C_03_043,2.900,6.514,2.0,3.0
B_01_059,3.760,3.037,2.0,5.0
H_03_74,2.963,5.917,7.0,5.0
D_01_073,5.333,2.324,7.0,4.0
C_01_075,4.767,3.067,2.0,2.0
A_01_078,4.516,1.730,2.0,3.0
B_02_023,5.240,2.133,7.0,3.0
H_02_36,3.250,3.174,7.0,3.0
F_03_76,4.778,1.813,2.0,4.0
F_02_13,2.407,1.226,2.0,2.0
A_03_089,5.800,4.810,2.0,5.0
F_01_72,4.538,2.156,2.0,5.0
F_02_21,4.185,1.839,2.0,5.0
E_02_27,3.625,1.833,2.0,3.0
F_03_11,3.481,1.970,2.0,5.0
G_03_50,5.154,2.300,3.0,4.0
E_01_40,5.314,2.000,7.0,4.0
G_01_78,5.259,4.300,3.0,5.0
F_02_71,4.481,5.742,1.0,3.0
B_01_022,4.200,2.538,2.0,5.0
F_01_13,2.741,4.063,2.0,3.0
G_03_66,1.760,5.050,7.0,3.0
C_01_017,5.000,6.833,2.0,5.0
F_03_61,3.963,4.656,2.0,5.0
E_01_59,4.147,1.240,2.0,3.0
D_03_029,4.731,5.458,6.0,3.0
F_01_41,4.259,3.636,7.0,2.0
G_03_91,3.280,3.545,2.0,5.0
G_01_64,3.440,3.710,2.0,5.0
F_03_3,3.370,3.333,2.0,3.0
A_03_073,5.000,3.381,2.0,5.0
B_02_082,5.500,1.567,3.0,3.0
F_03_96,2.250,6.063,2.0,5.0
A_01_064,5.452,5.730,2.0,3.0
A_01_060,4.333,1.919,7.0,4.0
B_01_051,5.120,2.259,7.0,4.0
C_02_046,4.067,5.630,2.0,5.0
F_02_100,3.593,4.161,3.0,3.0
C_02_044,4.633,5.370,2.0,5.0
A_02_086,2.852,4.967,2.0,5.0
A_03_002,3.875,5.381,2.0,2.0
F_02_20,2.864,4.097,2.0,2.0
F_03_20,3.000,5.091,2.0,4.0
H_01_88,3.893,4.120,2.0,2.0
D_02_032,4.741,1.161,2.0,3.0
A_03_072,4.087,2.190,2.0,3.0
H_03_37,4.821,1.792,6.0,3.0
G_01_101,2.577,4.633,2.0,3.0
A_03_043,4.120,6.571,2.0,5.0
G_02_72,4.480,5.531,2.0,3.0
C_01_034,2.867,3.167,2.0,2.0
E_01_101,4.771,1.808,3.0,4.0
G_03_70,2.833,1.550,2.0,3.0
E_01_60,4.471,4.040,2.0,5.0
A_03_045,5.040,3.381,2.0,5.0
H_02_4,2.429,5.304,2.0,3.0
G_03_53,2.786,2.714,7.0,3.0
F_03_43,2.435,3.406,2.0,5.0
E_01_21,4.629,6.615,2.0,5.0
F_02_28,3.731,7.000,7.0,5.0
B_01_019,4.920,2.000,2.0,5.0
A_02_051,6.556,1.300,2.0,3.0
D_02_089,5.148,1.800,2.0,5.0
G_02_29,3.846,3.313,2.0,2.0
G_03_48,1.842,4.381,2.0,3.0
E_03_91,3.115,5.438,7.0,5.0
E_02_69,2.806,2.000,2.0,2.0
D_03_063,3.115,3.000,2.0,5.0
C_03_085,3.300,6.139,2.0,5.0
D_03_020,3.240,1.625,7.0,3.0
F_02_67,4.840,2.613,2.0,3.0
B_01_049,4.240,1.296,1.0,3.0
H_02_8,4.357,2.261,7.0,5.0
A_03_037,6.120,6.095,2.0,3.0
D_01_056,4.444,4.000,2.0,5.0
E_03_18,3.400,1.750,2.0,3.0
B_03_062,4.760,1.333,2.0,3.0
G_02_53,4.667,4.152,1.0,4.0
F_02_37,3.815,2.900,7.0,3.0
C_02_036,3.741,1.481,2.0,5.0
B_02_048,4.200,2.633,1.0,4.0
D_02_049,5.370,2.355,7.0,3.0
G_02_11,5.926,5.000,7.0,3.0
G_02_18,2.833,3.750,2.0,2.0
A_03_036,2.130,6.524,2.0,5.0
E_02_93,3.688,4.267,7.0,5.0
G_03_31,3.280,6.000,7.0,5.0
C_02_056,3.000,1.645,2.0,3.0
E_01_95,3.600,1.760,2.0,2.0
F_02_62,5.926,2.839,3.0,3.0
F_02_27,4.385,2.517,7.0,5.0
F_01_62,6.370,1.909,3.0,3.0
E_02_103,3.563,4.800,2.0,5.0
D_02_026,5.185,5.484,2.0,5.0
F_02_54,3.474,2.226,3.0,5.0
E_03_92,4.167,5.250,7.0,5.0
A_03_074,2.375,6.952,2.0,5.0
A_02_015,3.444,1.367,2.0,5.0
A_01_041,5.161,4.553,2.0,3.0
C_02_076,4.367,2.519,2.0,4.0
D_01_054,5.185,1.242,2.0,3.0
E_02_68,2.667,3.267,2.0,5.0
H_01_58,4.292,2.000,2.0,3.0
G_02_99,4.370,5.563,7.0,2.0
E_03_35,2.167,6.333,7.0,3.0
B_02_006,5.920,1.200,3.0,3.0
G_01_5,3.615,1.733,7.0,2.0
H_02_6,2.429,2.304,3.0,5.0
A_03_032,4.375,3.286,2.0,5.0
G_02_16,4.259,2.313,7.0,5.0
B_01_016,3.320,3.885,3.0,3.0
B_02_081,2.200,4.267,2.0,5.0
C_03_014,1.826,3.889,2.0,5.0
G_02_55,4.370,5.969,7.0,5.0
E_02_102,4.625,2.724,3.0,3.0
C_01_087,3.600,2.000,2.0,3.0
G_03_14,2.522,5.650,7.0,5.0
E_02_96,2.781,5.065,7.0,5.0
F_02_45,3.577,5.645,7.0,3.0
C_02_062,4.630,1.074,3.0,3.0
D_01_055,3.704,2.314,2.0,5.0
B_01_047,4.840,5.556,2.0,5.0
G_03_101,4.308,3.043,7.0,5.0
H_02_25,4.321,2.696,3.0,2.0
F_01_89,1.250,3.121,7.0,3.0
F_02_55,2.870,3.968,2.0,5.0
C_03_015,3.167,2.467,2.0,5.0
A_01_027,6.677,6.684,2.0,5.0
E_01_37,1.762,3.538,2.0,4.0
C_03_019,2.933,1.371,2.0,5.0
B_01_017,5.800,1.370,3.0,3.0
B_03_055,4.960,1.433,7.0,5.0
B_02_052,5.240,1.800,2.0,3.0
H_01_76,5.815,2.333,5.0,2.0
H_01_40,5.071,1.920,7.0,4.0
D_02_064,3.846,4.258,2.0,2.0
F_01_66,1.643,3.313,2.0,3.0
H_03_57,2.360,6.000,7.0,3.0
F_03_65,2.593,4.667,2.0,5.0
G_02_63,2.375,4.188,2.0,5.0
F_01_60,2.481,3.061,7.0,2.0
C_03_049,4.933,4.056,2.0,5.0
A_02_003,2.346,2.600,2.0,3.0
A_01_044,1.903,5.077,2.0,5.0
C_03_025,4.833,4.889,2.0,5.0
F_03_50,3.115,6.750,7.0,5.0
B_02_090,6.160,1.333,2.0,3.0
G_02_58,5.407,1.719,2.0,3.0
A_03_028,3.240,6.190,2.0,5.0
A_03_024,3.480,6.571,2.0,3.0
B_03_011,3.720,3.733,7.0,5.0
F_01_78,2.148,4.061,2.0,2.0
E_01_30,3.743,4.692,7.0,3.0
B_03_050,4.522,2.533,3.0,5.0
A_02_058,5.259,1.433,2.0,2.0
D_01_069,5.148,5.967,7.0,5.0
F_01_30,5.037,4.182,7.0,5.0
B_01_064,4.333,3.741,7.0,5.0
F_01_73,6.037,2.375,2.0,3.0
D_03_051,4.038,5.391,7.0,5.0
H_02_85,4.679,3.913,2.0,5.0
A_03_016,3.000,2.333,2.0,5.0
A_03_081,4.200,3.286,2.0,3.0
F_03_28,5.630,5.545,3.0,5.0
F_03_4,6.185,5.030,7.0,5.0
B_01_065,5.480,1.074,2.0,3.0
D_03_045,4.923,1.240,3.0,3.0
A_01_072,3.733,6.622,2.0,3.0
E_02_52,2.393,4.103,2.0,5.0
E_01_99,4.286,1.577,2.0,4.0
F_03_33,3.192,4.000,2.0,3.0
B_01_067,4.360,2.963,2.0,3.0
A_03_088,5.360,2.857,2.0,5.0
E_01_98,2.613,5.808,2.0,3.0
E_01_83,2.852,3.083,2.0,2.0
F_03_9,1.529,4.645,7.0,3.0
E_01_4,5.200,1.115,2.0,3.0
D_01_022,5.185,1.444,2.0,4.0
G_01_22,4.593,2.759,3.0,5.0
E_02_40,5.656,2.367,3.0,4.0
D_03_030,5.654,2.250,1.0,5.0
A_01_034,5.065,1.944,2.0,2.0
A_03_056,3.720,6.571,2.0,5.0
F_02_25,3.000,6.200,2.0,3.0
D_03_074,5.577,3.080,7.0,2.0
E_01_58,6.057,6.960,2.0,3.0
B_01_073,4.000,1.074,2.0,3.0
B_03_030,2.900,3.233,2.0,4.0
A_02_054,4.519,1.767,2.0,3.0
D_01_033,3.296,2.000,2.0,2.0
E_03_103,3.074,3.438,2.0,2.0
D_02_061,5.296,1.839,2.0,4.0
H_02_38,5.107,1.217,4.0,3.0
C_02_061,4.967,6.481,7.0,3.0
C_01_038,4.500,1.700,7.0,2.0
B_03_026,3.400,1.267,7.0,2.0
G_03_4,5.148,4.400,3.0,5.0
E_03_21,4.700,2.656,2.0,3.0
G_01_42,2.600,4.241,2.0,3.0
B_03_073,4.800,6.700,2.0,2.0
E_02_34,2.281,4.097,2.0,4.0
A_01_045,4.355,2.667,2.0,5.0
D_03_027,6.000,1.680,7.0,5.0
C_03_034,3.600,1.056,4.0,3.0
C_02_017,3.933,4.778,2.0,2.0
G_03_56,4.423,2.095,2.0,3.0
F_01_47,3.963,1.606,2.0,2.0
C_03_060,3.733,3.639,2.0,2.0
A_01_018,4.419,1.897,2.0,3.0
D_02_079,4.654,1.233,2.0,3.0
G_02_37,2.577,3.625,2.0,3.0
E_02_94,5.813,3.483,7.0,4.0
D_01_045,2.222,5.806,2.0,5.0
F_01_4,1.600,3.576,2.0,5.0
C_02_086,5.200,2.630,2.0,5.0
H_03_48,4.250,4.542,7.0,2.0
D_02_043,6.556,6.200,2.0,5.0
E_03_29,3.933,3.933,7.0,5.0
E_01_39,3.314,1.880,2.0,5.0
B_03_039,5.320,1.467,3.0,5.0
E_01_63,2.000,2.880,2.0,5.0
A_02_083,3.296,3.533,2.0,3.0
A_01_008,1.579,3.481,2.0,5.0
H_02_50,5.250,1.826,3.0,5.0
A_01_023,5.097,4.618,2.0,3.0
E_03_83,1.500,6.097,7.0,3.0
G_02_33,3.667,5.438,7.0,5.0
J_01_073,2.778,5.680,7.0,3.0
E_01_34,6.314,1.346,2.0,5.0
G_01_25,2.760,4.172,2.0,2.0
B_03_052,2.920,5.100,3.0,3.0
H_02_69,4.037,5.391,7.0,2.0
D_01_088,3.778,2.028,7.0,5.0
G_02_48,2.704,4.438,2.0,3.0
H_01_37,3.000,1.893,2.0,5.0
C_01_027,3.433,3.333,2.0,4.0
A_02_014,4.741,1.467,2.0,3.0
B_01_080,4.583,1.846,2.0,5.0
E_02_55,3.375,4.414,2.0,5.0
A_01_017,5.714,2.200,2.0,4.0
B_03_051,4.480,3.276,2.0,5.0
G_01_81,5.815,1.742,2.0,2.0
A_03_080,4.208,1.381,2.0,5.0
E_01_31,6.371,3.231,7.0,5.0
C_03_023,2.933,3.484,2.0,3.0
F_01_37,5.185,2.250,2.0,5.0
B_02_088,3.625,1.500,2.0,3.0
F_01_25,5.296,3.469,7.0,2.0
E_02_56,5.406,3.433,2.0,2.0
F_03_17,4.815,3.333,7.0,4.0
C_01_079,5.500,1.867,7.0,5.0
F_02_56,5.926,2.194,3.0,4.0
A_02_008,4.037,1.533,7.0,2.0
D_01_027,2.560,1.333,7.0,3.0
B_03_040,5.000,6.000,7.0,2.0
G_03_52,3.692,6.100,2.0,3.0
H_02_45,2.320,3.609,2.0,5.0
A_02_021,5.630,1.700,2.0,4.0
F_03_64,1.200,5.156,2.0,2.0
C_01_083,3.690,2.200,2.0,2.0
G_02_91,3.000,3.563,7.0,3.0
D_01_043,3.259,1.118,4.0,3.0
F_03_101,4.815,3.938,2.0,3.0
C_02_066,5.467,2.037,2.0,5.0
E_02_64,2.696,3.633,2.0,4.0
E_01_20,1.429,6.654,2.0,3.0
F_02_70,5.080,6.806,2.0,3.0
D_03_061,3.038,1.083,4.0,3.0
F_03_41,2.333,4.000,2.0,2.0
B_01_002,5.560,1.846,2.0,2.0
G_01_79,3.731,5.800,7.0,3.0
F_02_99,5.185,5.742,7.0,4.0
G_01_63,4.704,3.633,2.0,3.0
F_03_29,4.000,1.531,2.0,3.0
G_03_97,2.000,1.773,2.0,3.0
C_02_018,3.267,1.769,2.0,2.0
E_01_46,2.516,5.417,7.0,5.0
B_02_055,2.250,3.633,2.0,3.0
C_01_059,3.367,1.586,2.0,2.0
E_02_62,3.656,6.600,2.0,3.0
F_01_29,1.125,1.424,2.0,3.0
H_02_65,2.778,3.583,2.0,5.0
B_01_029,4.500,3.148,2.0,5.0
G_01_96,3.222,6.767,7.0,5.0
B_03_068,4.720,1.167,2.0,5.0
F_03_13,4.630,4.781,2.0,5.0
G_02_71,2.192,4.094,2.0,2.0
E_03_82,4.821,3.733,7.0,4.0
D_01_006,4.269,3.667,3.0,5.0
E_01_54,2.696,5.400,2.0,3.0
E_01_45,2.250,5.360,2.0,3.0
G_01_47,4.926,5.032,7.0,3.0
F_01_103,3.926,6.697,7.0,5.0
D_02_076,2.704,5.484,2.0,3.0
G_03_84,5.577,5.381,7.0,5.0
H_03_61,5.679,4.958,7.0,5.0
E_01_68,4.800,6.120,7.0,5.0
F_03_97,3.240,2.000,2.0,2.0
E_01_91,2.758,1.240,2.0,5.0
E_03_96,5.367,2.375,2.0,5.0
A_01_077,3.167,4.676,2.0,5.0
D_01_092,3.407,4.371,2.0,5.0
A_03_026,2.680,4.952,2.0,3.0
F_03_82,5.111,3.938,3.0,3.0
H_02_83,1.333,1.583,2.0,3.0
D_02_040,2.846,1.000,4.0,3.0
F_03_44,3.000,5.094,2.0,3.0
A_02_088,3.593,4.067,2.0,5.0
A_01_032,6.387,2.286,2.0,4.0
D_01_018,1.632,1.914,2.0,2.0
C_02_068,5.900,4.778,3.0,5.0
B_01_009,5.783,1.926,2.0,4.0
C_02_039,5.533,1.115,2.0,3.0
C_02_070,3.000,6.185,7.0,3.0
C_03_074,4.833,6.250,7.0,3.0
E_02_20,4.469,4.655,7.0,2.0
H_03_58,4.926,2.458,3.0,5.0
H_01_5,4.607,2.111,7.0,5.0
B_03_013,5.760,4.400,2.0,5.0
H_02_44,4.407,1.917,7.0,2.0
G_02_12,2.593,2.844,2.0,2.0
G_01_23,5.519,2.034,7.0,3.0
C_01_061,4.500,1.833,3.0,5.0
A_01_054,3.700,1.342,2.0,5.0
C_01_073,3.900,4.700,2.0,3.0
A_03_086,3.273,3.333,2.0,3.0
G_02_47,5.259,2.813,7.0,5.0
E_02_5,1.500,2.552,2.0,4.0
D_02_035,4.963,1.667,3.0,5.0
G_02_22,5.444,3.484,3.0,3.0
B_02_022,4.800,5.500,1.0,5.0
E_03_60,3.793,4.310,2.0,5.0
D_03_022,5.462,4.182,2.0,5.0
E_02_74,3.438,4.267,7.0,3.0
D_03_032,4.615,2.742,7.0,5.0
G_01_48,4.926,1.667,7.0,2.0
H_03_13,4.036,2.292,7.0,5.0
D_03_078,6.077,3.120,7.0,4.0
B_03_008,4.960,3.267,2.0,6.0
F_01_14,6.037,2.818,3.0,3.0
G_03_45,5.077,4.300,3.0,5.0
H_03_99,4.296,2.833,3.0,3.0
H_03_32,5.393,1.792,3.0,3.0
E_01_10,5.143,2.846,7.0,5.0
D_01_064,4.630,2.114,7.0,2.0
D_01_053,2.850,5.135,2.0,4.0
A_02_084,4.185,4.100,2.0,3.0
C_02_026,2.000,3.692,2.0,5.0
E_03_20,5.138,2.438,2.0,2.0
G_02_13,2.591,2.656,2.0,5.0
C_02_071,3.500,4.815,2.0,3.0
B_01_005,4.840,1.889,2.0,2.0
G_02_54,4.556,2.500,7.0,2.0
C_03_058,3.900,1.028,2.0,3.0
C_01_023,4.133,1.233,2.0,3.0
C_03_038,3.429,2.889,7.0,4.0
A_01_033,3.677,2.778,2.0,3.0
F_01_18,1.278,1.788,2.0,5.0
F_03_67,3.926,3.774,7.0,4.0
C_01_081,3.867,1.267,2.0,3.0
H_02_104,5.143,3.417,3.0,3.0
D_01_068,2.296,2.914,7.0,2.0
D_03_040,2.962,6.360,3.0,3.0
F_02_10,4.407,1.806,2.0,2.0
D_03_076,5.308,2.200,7.0,5.0
B_02_057,4.560,2.033,2.0,2.0
F_03_83,5.333,4.281,7.0,2.0
D_01_081,2.519,5.441,2.0,5.0
C_01_067,1.967,6.467,2.0,3.0
H_01_7,4.179,4.800,7.0,4.0
F_01_16,3.259,5.333,2.0,5.0
B_03_028,4.440,6.567,7.0,5.0
H_01_51,5.786,1.821,2.0,2.0
A_01_010,5.742,2.897,2.0,2.0
F_03_51,5.852,1.625,3.0,3.0
H_02_7,2.619,4.625,3.0,5.0
A_02_025,2.444,4.900,2.0,5.0
E_02_46,3.241,6.333,7.0,3.0
F_01_65,4.444,5.469,7.0,2.0
B_03_087,5.200,3.267,3.0,3.0
C_01_045,4.500,1.533,3.0,3.0
F_01_98,4.778,2.758,1.0,3.0
B_02_063,3.960,3.400,2.0,2.0
A_02_034,3.185,2.400,2.0,2.0
E_02_67,4.250,1.586,2.0,2.0
E_01_12,5.600,1.962,3.0,5.0
C_03_029,1.643,6.389,2.0,3.0
G_01_31,5.222,2.310,2.0,5.0
E_02_23,5.500,2.742,2.0,3.0
C_01_044,4.733,2.700,2.0,3.0
F_03_38,6.769,4.061,3.0,3.0
E_03_98,2.167,4.000,3.0,3.0
H_01_22,5.429,3.185,2.0,3.0
A_01_076,4.484,2.568,2.0,5.0
B_02_074,4.240,2.300,7.0,3.0
D_03_057,4.962,1.870,7.0,5.0
F_01_1,3.444,3.906,7.0,3.0
F_03_85,5.296,1.688,7.0,3.0
G_03_94,2.792,1.773,7.0,5.0
C_03_006,3.567,4.500,3.0,2.0
A_03_060,3.360,5.381,2.0,5.0
G_03_90,3.200,3.136,7.0,3.0
G_02_61,4.963,1.625,2.0,6.0
E_01_79,4.571,4.480,7.0,2.0
H_03_1,2.130,1.583,2.0,3.0
H_02_9,4.786,2.875,7.0,5.0
B_01_082,5.480,2.259,3.0,3.0
F_02_3,4.593,1.774,2.0,2.0
D_03_080,4.500,2.000,2.0,6.0
H_02_30,2.632,4.417,3.0,5.0
A_01_014,2.677,3.923,2.0,3.0
D_02_039,4.000,2.839,7.0,5.0
A_01_086,3.968,6.583,2.0,3.0
C_02_033,4.567,1.630,2.0,5.0
H_03_76,4.786,1.667,7.0,5.0
E_02_59,5.000,3.448,7.0,5.0
F_02_18,4.556,5.097,2.0,2.0
A_03_008,2.917,1.810,2.0,3.0
F_01_94,4.630,1.606,2.0,5.0
E_03_52,4.000,3.267,7.0,5.0
H_01_050,2.714,2.480,7.0,2.0
A_01_079,3.355,3.378,2.0,3.0
A_01_066,2.613,1.816,2.0,2.0
A_02_002,3.407,3.300,2.0,5.0
D_02_036,3.222,6.129,7.0,3.0
F_03_35,3.926,2.333,2.0,2.0
D_02_021,4.346,2.839,7.0,5.0
E_03_95,5.517,3.625,3.0,5.0
G_02_19,3.556,6.469,7.0,5.0
F_02_49,3.400,2.100,2.0,3.0
G_03_44,4.846,3.048,2.0,3.0
A_01_031,2.333,3.564,2.0,3.0
H_01_14,4.185,2.143,2.0,5.0
C_03_026,5.533,2.750,3.0,3.0
B_02_066,5.200,2.333,2.0,3.0
D_01_036,3.741,3.000,7.0,2.0
G_03_18,5.296,2.600,7.0,3.0
H_01_17,4.786,4.560,7.0,5.0
E_03_81,5.767,2.172,7.0,2.0
F_03_6,5.444,3.152,7.0,3.0
D_03_035,3.167,1.200,4.0,3.0
G_02_102,0.000,3.364,7.0,4.0
E_03_76,5.200,3.000,7.0,5.0
D_02_029,2.370,4.065,7.0,2.0
E_02_18,4.563,4.700,7.0,5.0
C_01_063,4.100,2.933,2.0,5.0
H_02_102,3.214,4.875,3.0,3.0
E_01_96,6.400,1.885,7.0,5.0
A_03_020,4.130,3.810,2.0,3.0
H_01_97,5.036,3.375,7.0,2.0
F_03_31,6.074,5.030,7.0,5.0
A_01_056,6.258,1.737,2.0,3.0
H_02_103,4.500,1.750,2.0,3.0
C_02_049,3.333,1.222,2.0,3.0
A_03_057,2.500,5.952,2.0,3.0
G_03_82,5.538,3.450,7.0,3.0
E_03_49,6.133,5.774,7.0,5.0
F_01_33,6.111,5.242,7.0,3.0
B_03_033,5.840,3.433,7.0,3.0
H_01_104,5.714,3.833,3.0,3.0
E_02_14,6.031,5.267,7.0,5.0
F_01_71,3.259,3.000,2.0,5.0
E_02_48,4.273,2.966,2.0,5.0
A_03_052,6.320,3.619,2.0,4.0
A_01_059,4.323,1.108,2.0,3.0
H_03_84,4.857,3.250,5.0,2.0
B_01_057,5.440,2.185,7.0,3.0
G_03_55,4.615,6.800,1.0,3.0
H_03_12,3.821,5.917,3.0,4.0
C_03_046,3.138,2.667,7.0,5.0
C_01_055,2.308,5.484,7.0,5.0
D_02_058,4.111,5.226,7.0,5.0
F_01_11,2.556,4.121,2.0,3.0
D_02_063,4.741,5.000,7.0,2.0
A_01_082,2.286,3.417,2.0,5.0
G_02_69,2.296,5.000,2.0,5.0
B_02_044,4.583,3.233,2.0,3.0
A_03_046,4.720,5.048,2.0,5.0
F_03_75,3.333,2.406,2.0,5.0
D_02_044,2.808,4.419,2.0,2.0
B_02_012,6.348,7.000,2.0,3.0
F_02_102,3.038,4.000,7.0,3.0
E_02_53,5.813,2.767,7.0,5.0
C_03_052,4.333,5.500,7.0,5.0
D_01_017,1.875,2.611,7.0,2.0
F_01_40,3.417,3.000,2.0,3.0
A_03_075,2.000,6.048,2.0,5.0
C_03_077,3.967,1.639,3.0,3.0
F_03_5,5.593,1.875,3.0,3.0
C_01_007,3.333,3.400,2.0,3.0
D_01_079,3.370,4.500,2.0,3.0
H_03_11,4.185,2.875,3.0,2.0
A_02_028,4.963,4.333,3.0,3.0
H_03_87,1.500,3.625,2.0,3.0
F_02_92,4.296,2.710,7.0,5.0
F_02_59,5.222,2.645,1.0,4.0
H_02_76,4.179,2.417,1.0,5.0
D_03_066,2.846,2.292,2.0,3.0
D_02_071,2.704,6.833,2.0,3.0
G_01_18,4.040,1.586,3.0,2.0
F_03_16,2.880,6.382,2.0,5.0
C_03_055,4.207,1.618,7.0,2.0
C_03_011,3.867,6.528,2.0,5.0
E_02_99,4.241,4.138,7.0,5.0
C_03_002,3.600,1.417,2.0,2.0
A_03_039,3.640,3.810,2.0,2.0
F_01_44,5.000,2.781,2.0,2.0
D_03_082,4.077,2.375,2.0,3.0
E_03_32,3.100,1.933,2.0,5.0
D_01_070,5.630,2.000,3.0,4.0
G_02_73,5.615,2.781,7.0,4.0
B_02_002,6.840,6.100,7.0,3.0
B_03_082,6.680,5.867,7.0,3.0
F_02_15,1.917,3.129,2.0,5.0
E_03_99,2.889,4.563,2.0,4.0
F_01_68,3.852,1.517,7.0,5.0
G_02_57,3.154,1.844,7.0,5.0
G_02_44,4.000,1.969,2.0,2.0
A_03_011,5.440,1.571,2.0,5.0
E_01_7,2.059,6.154,7.0,3.0
D_01_014,2.200,3.194,2.0,3.0
C_02_042,2.276,2.222,4.0,3.0
A_02_005,3.148,1.300,2.0,5.0
D_03_042,4.231,1.875,2.0,3.0
A_02_059,3.259,5.500,2.0,3.0
E_03_72,2.720,4.094,2.0,2.0
G_03_36,4.519,3.950,2.0,2.0
E_01_52,5.857,4.560,5.0,3.0
B_03_083,5.292,1.333,2.0,2.0
C_01_014,3.700,3.667,7.0,5.0
B_03_005,4.960,2.733,2.0,5.0
C_03_005,1.407,2.250,2.0,3.0
F_03_86,4.926,2.063,2.0,2.0
E_02_72,4.000,2.233,3.0,2.0
E_01_74,5.514,4.458,7.0,4.0
E_02_45,4.406,2.133,2.0,5.0
G_02_56,5.111,1.688,2.0,3.0
B_01_084,2.200,2.630,2.0,2.0
E_01_36,4.686,1.192,7.0,5.0
A_03_014,3.480,1.857,2.0,4.0
A_01_011,4.645,1.026,2.0,4.0
D_03_033,5.692,3.958,7.0,5.0
D_01_084,4.741,3.694,6.0,2.0
E_02_76,5.063,3.900,7.0,4.0
D_02_020,1.913,3.806,2.0,3.0
C_01_052,4.700,4.533,3.0,5.0
C_01_072,4.633,4.533,2.0,2.0
F_01_36,3.889,4.879,2.0,3.0
G_01_12,5.000,2.933,7.0,2.0
G_03_100,4.923,2.043,6.0,6.0
C_02_010,3.138,1.037,4.0,3.0
A_03_015,4.760,2.952,7.0,5.0
D_02_047,6.556,1.387,2.0,4.0
F_03_49,5.577,1.813,2.0,5.0
E_01_84,5.943,1.120,3.0,3.0
F_03_84,5.630,2.600,1.0,5.0
G_03_103,4.577,2.609,2.0,2.0
G_02_24,5.704,2.548,2.0,2.0
D_03_052,4.269,1.667,2.0,2.0
C_01_084,4.900,4.700,2.0,5.0
F_02_68,5.370,1.548,7.0,3.0
C_01_064,5.000,2.433,3.0,2.0
B_02_064,4.800,1.233,2.0,3.0
F_02_23,5.407,1.200,3.0,3.0
C_02_053,5.967,1.852,2.0,5.0
A_01_012,3.905,6.407,2.0,5.0
C_01_062,4.967,6.833,2.0,3.0
G_01_41,4.320,2.897,7.0,5.0
E_01_53,5.114,6.560,2.0,3.0
G_03_46,2.542,1.714,7.0,3.0
G_01_80,5.704,3.387,7.0,5.0
G_03_80,4.769,2.150,7.0,3.0
B_03_074,4.680,1.300,2.0,3.0
C_03_007,3.733,3.200,7.0,3.0
E_03_6,4.250,1.818,7.0,5.0
C_01_025,5.967,2.000,2.0,5.0
E_03_85,4.233,2.000,3.0,5.0
F_03_55,2.926,3.094,2.0,2.0
D_03_007,4.115,3.625,6.0,4.0
B_01_086,3.625,1.037,2.0,3.0
E_01_87,4.057,1.808,7.0,5.0
C_03_016,5.034,1.361,6.0,5.0
C_01_011,4.133,6.300,3.0,5.0
B_01_077,6.360,1.259,2.0,3.0
D_01_065,2.577,3.838,2.0,5.0
C_01_051,4.800,2.567,2.0,3.0
B_01_024,5.480,1.633,2.0,3.0
G_02_46,2.048,2.781,2.0,3.0
D_01_093,3.963,1.189,4.0,3.0
E_01_47,5.886,4.760,7.0,3.0
G_03_58,5.038,4.100,7.0,3.0
C_02_001,5.655,3.630,7.0,3.0
G_01_6,4.074,3.103,2.0,5.0
F_01_83,1.926,5.750,7.0,3.0
C_02_067,4.429,2.370,1.0,3.0
F_03_34,4.407,4.000,2.0,2.0
B_03_058,4.417,4.333,7.0,5.0
C_01_016,3.690,1.871,7.0,5.0
B_01_037,4.440,2.355,7.0,2.0
F_01_59,3.593,2.706,7.0,5.0
D_01_012,5.222,2.243,6.0,5.0
F_02_47,4.407,1.258,2.0,2.0
B_03_076,5.280,1.800,7.0,3.0
C_01_043,6.100,3.000,3.0,3.0
D_02_067,6.185,3.452,3.0,3.0
G_02_97,2.348,5.516,2.0,3.0
B_01_048,5.320,1.846,7.0,3.0
B_03_065,5.400,2.700,2.0,3.0
B_03_025,5.800,2.933,7.0,5.0
E_03_58,2.308,5.357,2.0,5.0
B_03_090,3.400,3.467,2.0,5.0
A_02_039,2.913,2.067,2.0,3.0
F_02_101,2.222,1.903,2.0,3.0
C_01_033,5.767,4.867,5.0,3.0
A_03_040,4.560,4.476,2.0,4.0
A_02_035,3.185,6.100,2.0,6.0
E_02_7,4.344,3.000,6.0,5.0
G_03_43,5.440,2.667,7.0,5.0
B_01_036,3.667,5.407,2.0,3.0
G_02_92,4.519,5.750,2.0,3.0
A_03_084,2.920,2.571,2.0,3.0
E_01_66,3.886,6.000,7.0,3.0
F_03_77,3.692,3.452,2.0,2.0
E_03_43,1.929,4.828,7.0,3.0
D_01_062,3.720,3.857,2.0,5.0
A_03_017,4.920,1.857,2.0,3.0
E_02_36,2.125,6.533,2.0,5.0
D_03_070,2.885,6.680,7.0,5.0
F_02_19,4.115,6.032,7.0,5.0
G_01_58,5.481,3.345,7.0,5.0
A_02_027,5.370,1.767,2.0,5.0
B_03_049,5.080,1.500,1.0,3.0
D_03_089,4.231,3.160,7.0,2.0
C_01_077,2.407,1.200,2.0,3.0
C_03_067,2.933,1.083,2.0,3.0
G_01_38,5.630,3.897,2.0,3.0
D_03_072,3.500,2.633,6.0,3.0
E_02_25,4.500,1.867,2.0,3.0
D_02_038,3.800,1.633,7.0,3.0
D_02_017,4.519,4.323,3.0,3.0
E_01_49,4.714,4.040,2.0,2.0
G_03_23,2.920,3.000,2.0,5.0
C_01_029,5.333,6.900,5.0,3.0
A_03_041,2.640,2.095,2.0,3.0
F_02_24,2.667,4.433,2.0,2.0
G_02_34,2.263,5.581,2.0,5.0
D_02_078,3.111,1.452,4.0,3.0
D_02_070,2.526,1.233,2.0,3.0
G_02_9,4.630,1.969,7.0,3.0
B_01_083,2.667,3.519,2.0,5.0
G_01_27,4.630,3.034,3.0,5.0
E_02_1,4.344,2.536,2.0,5.0
B_03_001,3.840,1.667,2.0,5.0
F_03_10,4.630,3.424,7.0,5.0
C_02_022,2.571,1.259,2.0,3.0
A_01_085,4.645,2.139,2.0,3.0
B_02_020,6.320,1.033,4.0,3.0
D_03_010,6.462,2.250,2.0,5.0
C_02_031,3.933,4.630,3.0,5.0
D_03_059,2.731,2.250,2.0,3.0
D_01_059,4.889,2.600,1.0,2.0
C_01_039,4.241,4.567,1.0,3.0
F_02_57,5.593,5.935,7.0,3.0
C_02_083,5.300,1.519,2.0,3.0
C_02_050,4.667,2.296,7.0,3.0
D_02_048,5.852,2.667,3.0,2.0
E_02_57,5.969,1.700,3.0,3.0
E_03_38,5.552,3.800,3.0,3.0
C_02_059,3.261,1.000,2.0,3.0
C_03_080,4.900,2.833,2.0,3.0
B_02_010,4.200,1.067,4.0,3.0
F_01_51,3.593,5.636,7.0,3.0
C_03_047,5.833,1.583,2.0,5.0
A_03_022,4.280,2.000,2.0,2.0
G_02_28,3.696,1.774,2.0,3.0
A_03_090,6.080,3.857,2.0,2.0
E_03_64,3.759,5.875,2.0,4.0
E_02_73,4.000,5.267,7.0,4.0
D_03_011,4.692,1.250,3.0,3.0
D_02_088,2.926,1.033,4.0,5.0
B_03_007,5.760,4.533,7.0,5.0
E_01_57,3.152,1.920,7.0,4.0
F_03_47,5.333,6.188,7.0,2.0
E_01_32,3.800,1.269,2.0,5.0
E_01_55,5.143,1.920,2.0,5.0
A_03_049,2.636,4.762,2.0,4.0
C_03_073,4.552,1.528,2.0,3.0
F_01_23,5.667,4.909,7.0,3.0
E_01_90,5.657,5.080,2.0,2.0
B_03_036,3.750,5.200,2.0,5.0
A_02_087,3.846,6.367,2.0,4.0
A_02_026,2.885,6.267,2.0,4.0
D_03_093,2.696,2.760,2.0,5.0
F_01_96,3.385,3.438,7.0,5.0
C_03_056,6.033,5.583,7.0,5.0
E_01_75,5.886,5.520,7.0,5.0
F_03_99,3.926,2.563,7.0,5.0
E_03_48,5.000,4.000,2.0,5.0
A_02_024,2.037,3.200,2.0,3.0
G_01_74,2.250,5.067,2.0,3.0
D_02_068,4.519,2.448,4.0,3.0
G_03_21,4.000,2.650,7.0,5.0
D_02_009,3.231,1.032,2.0,3.0
A_02_017,3.333,5.567,2.0,6.0
G_03_51,5.308,2.190,3.0,2.0
B_01_052,6.440,1.630,3.0,3.0
G_03_83,4.038,2.050,3.0,3.0
G_03_96,3.769,3.409,2.0,3.0
A_02_044,2.593,6.800,2.0,5.0
D_01_029,4.222,3.162,2.0,5.0
B_02_062,4.480,1.300,2.0,3.0
E_03_39,3.967,6.400,7.0,5.0
F_02_76,4.077,1.484,2.0,2.0
B_03_081,4.240,1.267,7.0,2.0
B_02_036,4.360,1.267,2.0,3.0
C_02_027,4.500,1.333,2.0,3.0
A_02_089,4.333,2.133,2.0,2.0
E_01_6,2.406,6.308,7.0,3.0
A_03_031,4.880,1.762,2.0,3.0
F_01_80,4.037,1.781,3.0,5.0
C_02_048,2.429,1.037,4.0,3.0
B_02_085,5.400,1.067,3.0,3.0
G_02_1,3.148,2.031,2.0,3.0
E_02_10,1.786,6.069,2.0,4.0
E_03_100,4.200,2.000,7.0,5.0
B_02_042,4.840,5.467,7.0,2.0
C_01_057,4.897,2.233,7.0,3.0
D_02_013,4.815,1.806,7.0,3.0
E_03_57,5.000,3.200,7.0,6.0
G_01_8,2.150,4.867,2.0,3.0
F_01_93,2.148,5.424,7.0,3.0
D_03_085,3.538,1.708,3.0,3.0
A_02_077,2.630,6.967,2.0,3.0
C_02_058,3.433,1.423,3.0,3.0
G_02_10,5.037,3.452,2.0,3.0
D_02_046,3.407,6.710,2.0,3.0
G_03_3,4.000,2.800,2.0,5.0
E_03_67,5.100,1.548,2.0,5.0
G_02_103,5.556,2.667,1.0,3.0
A_02_056,5.444,6.900,2.0,3.0
E_02_80,2.194,4.133,7.0,3.0
C_02_081,3.000,1.185,2.0,5.0
G_03_16,4.444,4.000,2.0,5.0
B_02_078,3.200,4.067,2.0,3.0
F_03_40,5.000,3.788,2.0,3.0
F_01_97,3.556,3.485,2.0,5.0
G_03_11,3.407,2.200,2.0,5.0
G_02_35,3.815,2.656,2.0,5.0
A_01_004,4.429,3.640,2.0,5.0
C_02_021,2.500,5.968,2.0,3.0
E_03_73,3.067,1.406,2.0,3.0
G_01_89,3.593,6.333,7.0,2.0
G_01_88,2.889,5.667,2.0,3.0
G_01_65,4.815,4.379,2.0,4.0
F_01_3,4.346,2.394,3.0,3.0
G_01_98,2.158,1.935,3.0,3.0
E_03_41,3.067,1.633,3.0,3.0
E_02_63,2.565,5.750,7.0,3.0
G_02_30,3.667,3.548,2.0,5.0
B_03_080,5.208,1.867,7.0,5.0
C_03_078,5.700,3.250,3.0,3.0
C_01_036,5.793,2.233,3.0,5.0
G_03_54,1.750,6.143,2.0,5.0
F_02_73,1.667,6.548,2.0,3.0
A_02_045,4.407,5.033,2.0,3.0
F_02_78,5.407,4.000,7.0,5.0
B_03_057,6.125,3.533,7.0,5.0
F_02_44,6.407,3.226,1.0,3.0
E_03_44,4.367,5.207,2.0,3.0
E_03_33,3.276,3.167,7.0,3.0
B_01_027,5.480,4.926,2.0,5.0
C_01_054,1.630,6.500,2.0,5.0
B_02_083,4.720,1.733,7.0,5.0
E_01_97,5.029,6.360,7.0,3.0
C_02_023,5.857,1.000,7.0,3.0
B_01_015,4.708,5.370,2.0,3.0
B_03_066,3.480,5.400,2.0,5.0
E_03_97,5.067,4.125,7.0,3.0
A_02_075,3.333,2.667,2.0,5.0
F_01_85,4.222,5.094,3.0,5.0
D_02_042,2.481,4.903,2.0,2.0
G_03_8,3.333,1.700,2.0,3.0
D_02_055,6.519,5.167,1.0,3.0
D_02_034,2.360,6.323,2.0,5.0
D_01_042,6.148,1.472,7.0,2.0
G_02_41,1.962,1.833,2.0,3.0
D_01_089,5.704,1.943,6.0,5.0
G_02_25,4.889,2.839,7.0,3.0
C_02_045,4.400,3.731,3.0,3.0
F_02_8,2.565,3.097,2.0,2.0
C_02_060,5.033,1.000,2.0,3.0
G_01_20,5.000,3.967,2.0,2.0
G_03_41,1.273,4.950,2.0,4.0
C_01_069,1.692,3.333,2.0,5.0
F_02_58,5.778,2.387,1.0,3.0
A_02_036,4.778,1.200,2.0,3.0
F_02_5,4.111,6.323,7.0,3.0
B_01_035,3.000,1.630,2.0,2.0
G_01_7,1.842,4.129,2.0,4.0
F_02_80,3.875,5.968,7.0,5.0
E_03_93,3.852,2.875,7.0,3.0
E_02_3,3.781,4.621,7.0,5.0
D_03_031,3.846,1.360,2.0,5.0
G_01_72,2.385,1.968,2.0,2.0
B_03_063,6.480,1.100,6.0,3.0
A_03_003,5.440,1.143,2.0,3.0
B_01_028,4.833,1.630,3.0,2.0
F_02_64,4.346,1.355,2.0,3.0
G_02_4,2.667,1.500,2.0,3.0
C_03_079,3.667,1.778,2.0,5.0
E_03_25,3.467,6.125,7.0,3.0
D_02_085,4.741,1.258,7.0,3.0
D_03_049,3.923,2.640,3.0,5.0
A_01_029,3.516,1.769,2.0,3.0
E_02_54,2.844,5.133,2.0,3.0
B_02_026,4.480,1.400,2.0,3.0
F_02_93,6.296,2.226,3.0,3.0
E_01_26,5.171,2.346,3.0,5.0
B_03_067,3.680,2.467,2.0,5.0
B_01_053,4.080,1.148,2.0,2.0
C_02_072,5.333,3.000,2.0,2.0
D_03_086,5.385,5.217,2.0,5.0
D_02_082,5.556,3.267,1.0,5.0
F_02_86,5.815,1.452,6.0,4.0
G_02_36,6.148,6.645,7.0,5.0
A_01_009,3.200,1.846,3.0,3.0
C_01_010,5.767,3.133,3.0,3.0
B_01_025,2.500,4.778,7.0,5.0
F_02_12,2.120,3.933,2.0,2.0
G_01_36,2.391,3.966,7.0,2.0
F_02_61,3.481,1.871,2.0,5.0
G_01_75,5.296,3.233,7.0,5.0
E_01_2,4.886,1.308,7.0,5.0
D_01_082,5.000,1.278,2.0,3.0
F_03_24,4.308,1.576,3.0,5.0
F_01_102,6.889,3.848,7.0,3.0
G_03_20,4.667,2.000,2.0,3.0
A_02_013,4.741,4.552,2.0,3.0
D_01_085,5.111,5.400,2.0,3.0
G_03_17,5.926,1.450,1.0,3.0
D_03_069,4.731,2.696,7.0,3.0
B_03_018,4.600,3.800,7.0,5.0
G_01_82,4.667,2.103,3.0,3.0
E_02_32,2.800,2.333,7.0,3.0
D_02_051,4.815,4.800,7.0,2.0
B_01_081,5.840,1.963,3.0,5.0
B_01_032,4.542,2.296,3.0,2.0
F_02_32,5.593,2.633,7.0,2.0
E_03_62,4.867,5.900,1.0,2.0
C_03_009,3.138,2.167,3.0,3.0
D_03_009,2.654,6.333,7.0,3.0
G_02_62,4.667,1.594,3.0,5.0
G_02_51,4.815,3.788,7.0,5.0
F_01_95,4.481,4.273,3.0,3.0
A_03_006,4.400,2.714,7.0,3.0
D_02_030,4.926,1.065,2.0,3.0
G_02_40,4.889,2.344,3.0,3.0
B_03_038,4.920,1.900,2.0,5.0
F_02_14,5.630,1.581,3.0,5.0
C_02_032,6.167,1.407,2.0,5.0
D_02_066,6.148,1.419,2.0,4.0
D_01_076,4.519,2.595,7.0,5.0
F_01_6,5.111,2.656,3.0,3.0
F_03_45,3.889,1.969,7.0,2.0
G_03_78,3.080,1.600,3.0,5.0
C_02_007,4.367,3.111,7.0,3.0
D_01_063,2.423,5.657,2.0,2.0
A_01_025,3.161,1.718,2.0,2.0
F_02_33,5.333,2.207,3.0,3.0
B_02_018,2.320,1.033,2.0,3.0
D_02_074,2.920,1.733,4.0,3.0
C_02_008,4.133,5.222,2.0,5.0
D_01_046,2.565,1.114,4.0,5.0
G_01_76,3.296,6.033,2.0,2.0
C_03_051,3.433,1.444,3.0,3.0
C_02_040,2.391,1.815,2.0,2.0
G_03_49,1.958,4.682,2.0,3.0
C_03_032,3.267,1.889,3.0,3.0
C_02_084,3.000,1.741,2.0,5.0
G_03_39,4.852,2.700,7.0,2.0
G_03_86,4.962,1.348,7.0,4.0
E_03_37,5.267,2.767,2.0,3.0
B_01_058,4.040,2.733,2.0,5.0
D_01_037,1.778,6.371,7.0,5.0
E_03_51,2.867,6.800,2.0,5.0
G_03_22,2.778,1.600,2.0,3.0
G_03_35,3.593,1.850,2.0,3.0
C_02_089,3.828,5.407,7.0,2.0
G_01_19,3.148,6.483,2.0,5.0
D_03_079,1.958,5.080,2.0,5.0
B_02_033,4.720,5.700,2.0,2.0
B_03_070,3.950,6.233,2.0,5.0
G_03_87,3.808,2.913,7.0,4.0
C_03_057,5.733,1.314,2.0,3.0
D_01_013,3.444,2.556,7.0,2.0
C_01_056,3.067,2.067,2.0,3.0
D_02_014,5.846,2.935,2.0,3.0
E_03_88,3.633,6.375,7.0,3.0
F_03_18,4.556,4.750,2.0,3.0
A_02_016,6.038,1.500,2.0,2.0
A_02_030,2.037,4.633,2.0,2.0
C_03_021,2.533,4.111,7.0,2.0
B_02_011,4.280,3.067,2.0,4.0
D_03_071,2.958,4.042,7.0,5.0
F_01_42,3.296,6.848,7.0,3.0
C_01_048,5.767,4.633,7.0,3.0
D_03_037,4.731,3.625,2.0,3.0
G_02_66,3.192,4.094,2.0,5.0
A_01_067,5.387,1.579,2.0,5.0
C_03_042,5.793,2.917,2.0,4.0
B_01_038,4.875,1.519,5.0,4.0
C_01_013,5.067,1.700,3.0,3.0
D_01_077,5.333,2.750,6.0,3.0
C_03_028,5.267,4.750,7.0,5.0
F_03_78,5.074,2.000,2.0,2.0
B_03_064,3.080,3.800,2.0,5.0
A_03_007,3.840,1.476,2.0,2.0
A_02_050,5.407,1.567,3.0,3.0
D_02_083,2.680,1.419,2.0,4.0
F_02_38,4.000,3.933,7.0,4.0
B_01_042,6.200,3.259,7.0,2.0
E_02_41,4.344,3.310,7.0,3.0
G_02_8,2.333,1.719,2.0,3.0
B_02_084,4.320,2.467,7.0,5.0
C_03_048,4.733,1.833,2.0,3.0
A_01_069,4.452,1.514,2.0,3.0
E_02_43,4.438,4.433,3.0,2.0
D_03_083,4.038,3.323,2.0,2.0
F_02_34,5.259,4.600,7.0,5.0
D_02_028,5.296,2.226,7.0,5.0
E_01_92,6.486,3.923,7.0,3.0
C_01_031,4.567,1.800,2.0,3.0
A_01_083,4.484,1.444,2.0,3.0
A_02_041,4.963,1.448,2.0,3.0
E_02_21,2.043,3.387,7.0,2.0
F_02_90,3.538,2.967,7.0,3.0
B_03_012,4.917,1.433,7.0,3.0
G_02_82,3.654,5.906,7.0,5.0
C_01_012,3.867,2.667,3.0,5.0
D_02_025,3.481,6.710,2.0,3.0
D_02_069,3.038,4.867,2.0,3.0
E_03_66,4.667,3.419,7.0,5.0
F_03_63,6.222,3.563,7.0,3.0
G_01_3,5.370,3.000,3.0,5.0
C_02_069,3.733,5.630,2.0,5.0
A_03_012,3.320,3.810,2.0,3.0
E_03_47,4.567,4.733,7.0,3.0
G_02_43,3.593,6.438,2.0,3.0
B_02_046,3.720,5.967,2.0,3.0
D_01_041,4.852,4.889,2.0,2.0
B_03_046,4.440,1.733,7.0,5.0
B_03_061,5.440,2.000,7.0,5.0
F_02_16,3.778,1.452,2.0,3.0
D_01_072,2.923,4.833,2.0,5.0
D_01_078,4.778,3.257,2.0,4.0
E_02_95,3.281,4.806,2.0,3.0
B_03_078,3.720,1.867,3.0,3.0
G_01_59,5.963,2.467,3.0,3.0
D_01_038,4.593,4.400,2.0,5.0
B_02_068,4.680,5.633,7.0,3.0
B_01_041,5.080,5.185,7.0,3.0
F_02_98,4.192,1.871,7.0,3.0
B_03_045,5.520,3.400,7.0,3.0
F_02_22,5.259,3.800,7.0,5.0
G_03_29,5.444,3.650,7.0,3.0
D_03_064,4.077,1.478,7.0,2.0
C_02_009,3.867,2.074,7.0,2.0
D_02_007,3.808,3.226,6.0,5.0
F_01_74,5.333,2.125,3.0,3.0
G_01_68,6.556,5.967,7.0,5.0
D_03_017,3.038,2.720,3.0,3.0
D_02_008,4.704,1.290,3.0,3.0
F_01_76,5.593,2.313,2.0,3.0
G_02_81,4.778,2.531,2.0,3.0
G_01_26,3.423,4.931,2.0,5.0
A_03_078,4.720,1.333,2.0,5.0
F_01_84,5.593,4.000,3.0,3.0
A_02_076,4.519,1.300,2.0,2.0
D_03_018,2.538,3.652,2.0,5.0
C_03_003,2.250,3.857,2.0,5.0
G_01_73,3.000,5.600,7.0,3.0
G_01_44,3.478,1.679,2.0,3.0
D_02_019,4.815,2.767,2.0,3.0
F_02_82,3.444,1.226,2.0,3.0
C_01_032,5.567,2.867,7.0,5.0
G_03_71,5.231,2.400,7.0,3.0
C_01_040,5.750,1.833,2.0,3.0
D_03_065,5.423,3.783,1.0,5.0
F_03_73,1.913,5.875,2.0,5.0
F_02_7,3.333,4.258,7.0,5.0
D_01_071,2.769,5.667,2.0,3.0
D_01_050,4.111,3.571,7.0,5.0
A_03_027,5.320,1.476,2.0,5.0
B_03_022,6.040,5.867,6.0,5.0
C_01_035,2.259,5.267,4.0,3.0
B_01_068,6.760,7.000,1.0,3.0
B_02_069,4.400,1.367,3.0,5.0
C_01_046,5.000,1.300,7.0,6.0
C_02_037,3.179,1.889,2.0,4.0
D_02_022,2.474,1.548,2.0,2.0
F_03_21,4.960,2.097,2.0,2.0
A_03_030,3.680,2.429,2.0,2.0
D_01_066,2.741,5.270,2.0,2.0
C_03_040,4.900,1.771,2.0,2.0
D_02_018,5.423,5.452,7.0,5.0
C_03_082,5.621,2.889,2.0,5.0
G_03_102,2.800,5.217,2.0,5.0
G_03_25,3.704,1.750,2.0,2.0
F_01_50,4.481,3.061,7.0,5.0
F_02_46,4.963,2.065,2.0,3.0
G_03_81,0.000,3.250,7.0,3.0
E_03_10,4.300,4.156,7.0,3.0
D_02_037,3.593,1.097,2.0,3.0
D_02_059,2.167,1.586,2.0,2.0
F_02_96,2.630,6.677,2.0,3.0
A_03_076,1.667,5.714,2.0,5.0
F_02_53,2.038,5.806,2.0,4.0
A_02_043,3.778,1.867,2.0,5.0
A_01_051,6.233,4.211,2.0,3.0
D_03_019,2.048,2.087,2.0,5.0
B_01_046,4.583,6.481,2.0,3.0
B_01_074,4.792,2.593,2.0,2.0
A_03_034,4.880,6.429,2.0,3.0
E_02_35,4.188,2.733,3.0,5.0
G_02_49,5.423,2.875,7.0,3.0
E_02_17,4.938,2.000,7.0,2.0
C_03_027,4.533,2.889,7.0,3.0
C_01_015,2.800,1.700,7.0,3.0
C_03_070,5.690,1.029,4.0,3.0
C_01_042,6.033,3.233,2.0,2.0
A_01_016,2.619,5.880,2.0,5.0
F_03_14,2.773,6.545,2.0,5.0
A_01_073,6.097,1.378,2.0,4.0
A_01_036,4.323,2.833,2.0,3.0
G_02_100,3.346,5.581,2.0,5.0
A_02_090,3.615,4.640,2.0,5.0
B_03_032,6.458,1.767,1.0,5.0
C_02_012,6.100,2.444,2.0,3.0
E_01_85,5.657,1.923,1.0,4.0
B_02_008,6.600,1.200,2.0,3.0
E_02_47,4.813,2.300,2.0,5.0
G_03_37,5.037,2.750,7.0,5.0
D_01_011,3.704,5.472,2.0,4.0
A_01_055,4.226,2.526,2.0,4.0
A_03_009,3.360,2.952,2.0,3.0
C_02_087,3.233,6.370,2.0,3.0
D_03_090,5.000,5.217,7.0,5.0
G_01_53,1.733,5.276,7.0,5.0
D_01_026,5.370,1.543,2.0,4.0
B_03_077,5.400,1.667,2.0,4.0
B_01_061,5.320,4.889,1.0,5.0
G_03_77,4.154,4.600,2.0,5.0
F_02_77,3.846,3.065,7.0,2.0
G_01_95,4.148,4.600,2.0,3.0
C_01_024,2.517,2.065,2.0,5.0
E_02_89,4.125,3.613,2.0,2.0
A_01_080,4.133,1.657,2.0,3.0
F_02_4,6.407,3.355,7.0,3.0
B_01_021,2.261,6.846,2.0,5.0
C_01_060,6.310,6.133,1.0,3.0
D_03_024,5.154,6.500,1.0,3.0
G_03_10,3.556,6.250,7.0,2.0
E_01_77,3.914,6.840,7.0,2.0
D_01_021,5.926,1.257,2.0,4.0
A_03_019,4.130,4.857,2.0,3.0
E_03_7,2.000,6.281,2.0,3.0
G_01_14,5.333,3.567,1.0,4.0
F_02_81,3.667,6.742,2.0,3.0
A_02_072,3.074,5.600,2.0,5.0
C_02_034,5.400,2.000,7.0,3.0
A_01_005,2.621,1.108,2.0,3.0
G_02_45,3.926,2.031,3.0,3.0
G_02_21,2.375,2.750,2.0,5.0
A_03_021,4.167,2.571,3.0,3.0
C_02_079,4.800,2.000,6.0,3.0
B_02_070,5.600,1.167,3.0,2.0
B_01_034,3.680,1.000,2.0,2.0
D_02_053,4.037,1.633,2.0,2.0
E_03_80,4.900,5.600,1.0,4.0
F_03_8,4.704,5.382,1.0,4.0
G_03_59,5.692,2.476,3.0,4.0
E_01_80,1.808,1.040,2.0,3.0
A_01_003,6.032,1.919,2.0,4.0
E_03_8,5.067,1.719,5.0,3.0
C_03_041,6.433,1.314,1.0,3.0
E_02_031,4.531,4.033,2.0,5.0
G_03_2,4.296,2.050,2.0,3.0
G_02_14,5.308,4.188,2.0,3.0
G_02_76,2.320,6.125,2.0,3.0
F_02_36,5.556,1.567,3.0,2.0
C_01_080,4.800,1.267,2.0,3.0
G_03_75,4.154,6.900,2.0,3.0
E_01_100,5.600,2.192,1.0,3.0
D_03_044,5.423,4.400,1.0,3.0
E_01_82,5.941,2.600,7.0,3.0
G_01_60,4.778,2.667,7.0,3.0
G_01_49,5.074,3.276,7.0,5.0
F_03_100,3.519,2.875,6.0,5.0
D_01_044,5.519,1.857,6.0,3.0
B_01_079,6.320,3.037,2.0,5.0
E_02_65,5.719,3.033,1.0,5.0
C_03_062,5.800,1.722,6.0,5.0
C_02_051,5.700,1.111,2.0,5.0
C_03_065,4.000,2.257,2.0,3.0
D_02_073,4.259,1.667,2.0,3.0
E_03_56,5.000,3.069,3.0,5.0
G_03_76,4.346,3.700,2.0,5.0
F_03_7,2.720,4.879,2.0,2.0
E_01_27,5.200,3.385,1.0,3.0
D_01_025,4.889,3.250,6.0,2.0
D_03_039,4.692,2.680,7.0,3.0
E_01_72,5.486,1.920,6.0,3.0
A_01_063,5.333,1.676,2.0,5.0
E_01_38,6.771,3.960,7.0,3.0
F_03_80,6.519,4.290,1.0,3.0
D_01_007,5.038,2.371,3.0,3.0
E_03_4,5.233,3.394,1.0,4.0
F_03_12,6.148,6.970,2.0,3.0
A_03_038,5.280,4.286,2.0,3.0
D_03_056,3.769,5.565,1.0,3.0
G_03_88,5.000,5.604,7.0,5.0
E_02_22,4.844,6.200,7.0,5.0
E_03_2,2.862,4.472,7.0,5.0
G_02_26,4.593,2.219,7.0,4.0
F_01_92,5.593,2.636,2.0,2.0
C_03_024,4.300,4.429,3.0,3.0
A_02_020,4.962,1.600,2.0,3.0
E_03_87,4.821,4.438,2.0,5.0
F_02_39,4.731,2.933,2.0,3.0
C_02_064,4.600,4.444,2.0,5.0
C_03_036,4.467,1.750,2.0,3.0
F_03_98,2.053,3.313,2.0,2.0
B_02_043,5.500,2.367,3.0,3.0
G_02_67,5.815,2.188,1.0,3.0
E_02_66,4.813,4.517,1.0,2.0
E_03_71,5.367,1.742,1.0,3.0
G_01_66,5.593,3.333,7.0,3.0
G_03_64,4.769,4.100,3.0,5.0
C_01_089,4.600,3.700,7.0,2.0
D_01_087,2.731,4.167,2.0,5.0
D_03_046,4.640,3.917,7.0,5.0
G_01_70,4.556,2.448,2.0,2.0
C_03_033,4.500,1.429,2.0,5.0
D_01_048,4.074,5.189,7.0,4.0
A_02_079,2.963,4.100,2.0,2.0
G_03_68,4.577,3.850,2.0,4.0
A_01_058,3.677,4.421,2.0,5.0
A_01_026,6.484,3.051,2.0,4.0
A_03_082,2.560,4.857,2.0,4.0
A_01_021,1.548,5.829,7.0,6.0
B_02_039,2.680,1.700,2.0,5.0
E_02_90,3.484,1.833,2.0,2.0
B_03_044,6.560,1.333,2.0,3.0
E_03_28,5.200,1.645,7.0,2.0
F_02_1,5.333,2.806,2.0,5.0
G_02_59,4.720,4.281,2.0,5.0
G_02_2,4.778,2.063,7.0,3.0
E_01_103,2.939,2.520,2.0,2.0
C_01_049,4.276,3.567,1.0,3.0
B_01_060,3.625,1.185,2.0,3.0
B_01_085,5.560,1.423,3.0,3.0
D_02_056,4.889,1.733,3.0,3.0
F_01_82,5.038,2.594,7.0,2.0
F_03_36,3.333,2.606,7.0,2.0
B_01_089,3.600,2.481,2.0,5.0
A_01_070,3.581,2.189,2.0,3.0
G_02_88,2.417,4.063,2.0,2.0
E_02_77,4.438,1.700,2.0,3.0
F_02_6,2.400,1.194,2.0,2.0
F_01_17,1.150,1.939,2.0,2.0
F_02_52,2.600,2.903,2.0,2.0
E_02_26,2.548,6.759,2.0,5.0
D_02_006,1.192,3.300,7.0,6.0
E_02_97,5.500,5.806,2.0,2.0
A_02_053,4.296,3.967,2.0,3.0
F_01_88,2.889,6.242,2.0,5.0
F_03_95,3.963,1.333,2.0,3.0
D_01_049,2.808,1.162,2.0,3.0
C_01_009,6.000,2.100,2.0,5.0
A_02_085,3.000,3.167,2.0,3.0
C_01_021,2.500,1.433,4.0,3.0
C_02_082,3.483,2.407,2.0,3.0
D_01_008,3.654,2.100,3.0,5.0
A_02_073,2.556,2.533,2.0,3.0
F_01_46,3.222,6.667,7.0,3.0
G_03_93,4.769,2.167,2.0,5.0
E_01_78,5.200,2.840,3.0,5.0
B_01_066,4.840,1.370,2.0,5.0
G_01_91,3.423,1.586,2.0,5.0
F_01_63,3.630,4.909,7.0,2.0
E_01_51,2.061,1.240,2.0,2.0
E_03_14,3.067,1.788,2.0,5.0
A_03_029,2.160,6.381,2.0,5.0
E_03_40,2.923,1.300,2.0,5.0
A_02_042,6.259,2.167,2.0,3.0
A_01_074,3.581,4.514,2.0,2.0
A_02_032,3.885,1.467,2.0,3.0
B_02_077,3.417,5.200,2.0,5.0
B_01_050,3.880,3.370,2.0,3.0
A_02_019,2.593,5.000,2.0,5.0
G_02_96,2.667,5.581,7.0,3.0
C_01_074,4.467,1.233,3.0,3.0
B_03_027,1.909,4.267,2.0,3.0
A_03_058,2.720,5.333,2.0,3.0
G_01_28,2.185,2.621,2.0,3.0
C_03_022,4.133,1.472,2.0,5.0
G_01_13,4.250,1.667,2.0,5.0
E_02_85,5.188,1.733,2.0,3.0
E_02_84,1.875,4.690,2.0,5.0
E_03_102,3.500,1.563,2.0,3.0
G_01_29,5.778,2.107,2.0,5.0
E_03_79,3.900,2.645,3.0,3.0
E_03_34,5.633,2.000,7.0,5.0
F_01_19,4.222,1.424,2.0,2.0
E_01_29,4.829,3.000,2.0,2.0
F_02_60,4.889,2.774,2.0,5.0
E_03_70,3.933,5.719,2.0,5.0
C_01_066,5.967,2.400,7.0,5.0
G_03_62,4.731,2.095,2.0,5.0
A_02_029,3.778,1.600,2.0,5.0
B_02_007,6.160,2.667,6.0,3.0
E_01_14,4.371,2.577,3.0,2.0
D_01_032,3.040,4.486,2.0,3.0
E_01_22,4.485,2.200,2.0,2.0
G_03_28,3.808,5.350,7.0,2.0
A_01_087,2.727,5.750,2.0,5.0
D_01_075,3.577,4.486,2.0,2.0
A_01_052,4.258,4.211,2.0,3.0
D_02_010,2.038,5.194,2.0,2.0
C_02_011,3.833,1.704,3.0,3.0
D_03_023,1.696,4.125,7.0,2.0
A_02_080,3.778,3.000,2.0,5.0
G_02_77,2.000,4.882,2.0,5.0
G_01_33,1.444,2.929,2.0,2.0
B_02_005,4.792,1.700,3.0,5.0
A_03_050,4.800,1.143,2.0,2.0
F_02_63,3.333,6.500,7.0,3.0
C_03_069,3.966,2.139,2.0,3.0
F_03_2,5.519,2.121,7.0,2.0
C_03_090,3.500,6.833,2.0,5.0
D_01_019,2.630,1.147,2.0,3.0
F_01_58,4.963,1.727,7.0,2.0
B_01_078,3.520,1.577,7.0,3.0
D_02_016,4.462,1.355,2.0,5.0
E_02_82,4.844,3.600,7.0,3.0
D_03_062,3.192,1.667,7.0,3.0
C_01_022,5.533,3.933,6.0,3.0
C_02_004,4.033,2.037,2.0,2.0
A_01_081,5.419,2.571,2.0,3.0
D_03_026,2.538,2.391,2.0,3.0
E_01_3,1.741,2.269,2.0,3.0
B_01_045,4.920,2.815,2.0,2.0
A_01_090,3.500,3.324,2.0,5.0
C_03_010,5.033,1.750,2.0,5.0
B_03_047,5.542,2.033,2.0,5.0
E_03_55,4.267,3.933,7.0,5.0
A_01_071,4.839,3.595,7.0,3.0
D_01_061,3.462,3.694,7.0,5.0
E_02_19,4.719,2.966,2.0,4.0
F_01_38,2.292,3.091,2.0,2.0
E_01_23,2.130,2.654,2.0,5.0
C_03_037,3.533,3.500,2.0,5.0
A_03_010,3.800,1.286,2.0,2.0
F_02_74,4.630,1.267,2.0,2.0
D_02_062,3.778,6.645,7.0,5.0
G_03_69,4.077,1.650,7.0,5.0
C_02_041,3.800,2.667,7.0,3.0
B_02_067,4.920,1.033,3.0,3.0
D_02_077,3.556,7.000,7.0,5.0
F_03_46,5.074,3.906,7.0,5.0
G_02_7,4.519,6.313,7.0,5.0
E_01_76,5.257,5.840,7.0,3.0
B_01_012,4.920,3.593,3.0,3.0
F_03_74,3.074,5.719,2.0,3.0
A_03_055,3.440,2.667,2.0,3.0
C_01_037,5.300,3.067,3.0,5.0
F_01_79,4.778,2.125,7.0,2.0
C_02_024,2.724,4.296,2.0,5.0
F_02_75,5.296,3.000,7.0,5.0
A_01_075,2.581,3.595,2.0,3.0
E_03_89,1.900,3.688,7.0,3.0
A_03_061,5.760,5.429,2.0,5.0
F_03_1,4.037,5.344,2.0,3.0
E_03_19,1.895,1.313,2.0,3.0
D_03_021,2.231,5.880,7.0,2.0
D_02_081,2.630,1.500,2.0,3.0
A_01_089,3.833,5.588,2.0,3.0
A_01_022,6.387,4.571,7.0,2.0
F_03_42,6.370,1.939,3.0,5.0
G_01_71,4.741,1.586,7.0,5.0
B_02_021,5.800,2.067,6.0,3.0
C_01_076,5.433,2.867,2.0,3.0
G_01_24,3.000,3.250,7.0,5.0
B_03_089,2.840,2.267,7.0,5.0
C_02_090,5.069,1.037,3.0,3.0
F_03_30,3.889,2.091,3.0,3.0
E_01_42,4.914,5.000,7.0,4.0
E_03_36,5.300,3.167,7.0,3.0
G_01_1,1.913,3.400,2.0,5.0
F_01_21,5.222,1.969,7.0,2.0
B_01_023,4.960,3.259,2.0,4.0
D_03_081,4.885,3.480,7.0,5.0
E_03_59,4.567,3.700,7.0,5.0
B_03_029,4.333,1.267,2.0,3.0
C_02_014,5.700,1.370,7.0,3.0
B_03_004,4.840,6.000,2.0,3.0
E_01_24,4.714,4.077,7.0,5.0
C_01_078,4.966,1.667,2.0,6.0
B_03_084,4.160,2.310,2.0,2.0
G_03_30,0.000,3.800,7.0,3.0
B_01_018,5.720,3.548,2.0,5.0
B_01_031,5.375,3.963,7.0,5.0
D_02_045,5.889,1.290,2.0,3.0
E_03_3,4.400,2.176,3.0,2.0
D_03_088,2.560,1.792,2.0,3.0
D_03_016,1.917,4.783,2.0,3.0
F_03_103,4.231,2.938,3.0,2.0
F_03_23,4.963,3.636,7.0,2.0
C_01_065,6.000,2.567,3.0,5.0
C_01_070,4.862,3.533,1.0,3.0
A_03_053,3.174,6.857,2.0,2.0
F_02_26,4.636,1.967,7.0,5.0
A_03_035,3.200,4.476,2.0,3.0
F_02_66,3.154,3.567,7.0,5.0
F_02_83,5.000,4.323,2.0,5.0
G_02_93,2.808,4.333,7.0,5.0
F_01_34,2.926,6.424,2.0,5.0
A_01_030,3.700,4.289,2.0,4.0
E_01_16,1.886,4.038,2.0,2.0
E_02_88,2.063,5.258,7.0,2.0
E_03_24,1.926,2.700,2.0,5.0
G_01_10,2.520,2.500,2.0,5.0
E_03_11,3.400,6.594,7.0,5.0
D_02_033,2.111,3.900,2.0,5.0
A_02_074,2.074,1.933,2.0,5.0
F_01_39,2.769,6.606,2.0,5.0
A_01_024,5.742,4.154,2.0,5.0
A_03_051,2.667,4.381,2.0,3.0
D_03_012,2.083,3.680,2.0,4.0
G_03_24,3.630,1.400,2.0,3.0
F_01_28,4.185,2.636,3.0,2.0
G_03_47,2.500,3.000,7.0,5.0
B_01_026,3.750,1.444,3.0,2.0
G_02_60,4.778,2.000,7.0,4.0
F_02_91,4.889,1.774,2.0,2.0
G_02_86,4.111,2.258,2.0,5.0
B_03_015,5.200,1.667,7.0,6.0
G_01_77,5.667,2.200,7.0,2.0
E_03_54,4.400,3.400,7.0,5.0
D_02_091,3.111,1.613,4.0,3.0
B_02_053,5.240,5.800,3.0,5.0
G_01_85,5.037,2.000,3.0,5.0
D_01_074,1.652,2.303,7.0,3.0
F_02_94,2.615,2.903,2.0,2.0
A_02_061,4.704,3.667,2.0,5.0
B_01_069,4.920,1.037,2.0,4.0
E_02_100,4.688,6.500,2.0,3.0
B_02_009,5.840,3.621,1.0,3.0
B_02_013,3.400,1.767,1.0,5.0
A_02_004,4.667,2.133,2.0,2.0
A_01_015,3.677,2.538,2.0,2.0
F_03_19,3.333,3.394,2.0,5.0
E_01_5,4.571,1.769,3.0,5.0
D_01_028,5.889,1.000,4.0,3.0
F_01_54,4.259,4.382,2.0,2.0
F_03_88,3.280,4.063,2.0,5.0
G_03_61,5.154,1.810,7.0,2.0
G_02_74,5.333,2.750,7.0,4.0
D_03_060,1.571,5.875,7.0,3.0
G_03_15,1.963,5.450,2.0,5.0
C_03_039,4.433,4.032,2.0,2.0
F_03_89,4.148,4.500,7.0,3.0
B_02_014,4.960,1.500,6.0,5.0
B_03_079,4.400,4.967,3.0,5.0
A_03_013,2.240,5.905,2.0,6.0
A_03_001,5.920,2.857,2.0,4.0
C_03_089,6.400,1.194,2.0,4.0
A_02_011,4.852,1.333,2.0,5.0
A_01_020,3.516,1.410,2.0,5.0
A_01_038,4.548,6.947,2.0,3.0
E_03_27,3.833,4.774,7.0,3.0
D_02_023,2.923,5.567,2.0,2.0
C_03_084,3.423,5.389,2.0,3.0
E_02_86,4.258,5.933,7.0,2.0
E_03_45,3.767,1.867,2.0,2.0
G_01_57,2.375,4.690,2.0,5.0
C_03_076,4.200,2.306,2.0,3.0
A_03_059,4.240,1.667,2.0,3.0
C_02_030,6.333,4.630,7.0,3.0
F_01_43,5.148,1.909,7.0,3.0
D_03_087,5.038,4.240,7.0,3.0
G_03_99,3.846,1.739,2.0,3.0
E_02_9,3.844,3.967,7.0,3.0
E_02_8,4.161,3.900,2.0,5.0
B_01_071,5.125,3.154,3.0,3.0
E_02_4,4.531,2.621,7.0,5.0
B_03_021,4.160,3.065,7.0,2.0
F_03_87,5.296,2.750,5.0,3.0
B_02_073,2.480,5.867,7.0,4.0
G_01_62,1.667,4.966,7.0,6.0
F_03_48,2.760,5.563,7.0,5.0
D_03_008,2.231,2.217,2.0,5.0
D_01_035,4.481,4.861,2.0,5.0
F_01_5,3.444,4.788,2.0,5.0
E_02_101,5.688,2.567,7.0,4.0
E_03_23,3.103,5.226,2.0,3.0
E_02_71,2.323,4.517,2.0,4.0
G_01_55,3.815,3.000,3.0,2.0
B_03_017,2.500,6.129,7.0,3.0
A_02_010,3.222,1.767,2.0,3.0
E_02_60,3.875,4.600,2.0,5.0
E_01_50,4.571,4.120,2.0,3.0
D_01_091,3.259,2.353,3.0,2.0
A_01_028,2.867,5.923,2.0,3.0
D_01_023,4.037,4.833,3.0,3.0
A_02_057,6.074,1.533,2.0,5.0
F_01_49,3.593,6.667,7.0,5.0
C_03_075,5.067,2.314,7.0,2.0
D_03_058,6.231,1.500,2.0,5.0
A_01_037,4.100,3.686,2.0,5.0
E_01_13,3.743,4.769,7.0,3.0
G_02_79,6.111,1.875,7.0,3.0
A_02_055,3.704,6.700,2.0,3.0
A_01_088,3.167,6.314,2.0,5.0
C_01_050,5.333,2.500,7.0,2.0
A_02_001,5.593,5.367,2.0,3.0
A_01_065,3.357,2.351,2.0,3.0
G_03_26,5.148,4.350,7.0,5.0
B_01_040,3.880,2.111,3.0,3.0
B_01_072,5.320,3.692,3.0,5.0
F_01_87,1.542,5.667,2.0,5.0
E_03_50,5.900,2.333,2.0,5.0
D_02_031,5.222,2.400,2.0,5.0
F_01_69,5.481,2.313,2.0,2.0
F_03_69,5.556,1.839,7.0,5.0
B_01_090,5.400,2.741,3.0,3.0
D_03_091,2.077,1.167,2.0,3.0
D_03_014,5.115,1.458,1.0,5.0
D_03_075,3.000,2.560,7.0,3.0
E_02_42,2.406,3.467,7.0,2.0
G_03_65,1.789,5.450,2.0,5.0
D_03_050,5.385,1.208,2.0,4.0
D_03_034,5.615,3.560,7.0,2.0
G_03_34,5.074,2.550,5.0,3.0
C_01_090,2.800,2.433,7.0,5.0
C_02_052,1.893,4.630,7.0,2.0
D_02_027,3.148,1.161,2.0,5.0
G_02_38,5.704,1.688,3.0,2.0
F_01_91,4.923,4.242,2.0,3.0
A_01_046,3.567,5.256,2.0,5.0
G_01_32,3.280,2.345,2.0,3.0
E_03_94,2.833,3.063,2.0,5.0
F_01_10,2.056,2.576,2.0,4.0
G_02_27,2.000,2.031,2.0,5.0
B_03_037,6.600,4.833,7.0,3.0
F_01_100,3.192,6.030,7.0,3.0
F_02_69,1.714,4.226,2.0,1.0
E_01_62,3.057,3.480,2.0,2.0
B_02_041,4.640,2.033,3.0,4.0
D_01_030,5.000,4.083,3.0,5.0
D_02_075,5.222,3.903,3.0,3.0
E_02_49,5.406,5.133,2.0,3.0
F_03_26,2.731,5.333,7.0,3.0
D_01_031,4.074,6.636,2.0,5.0
C_03_087,3.433,6.806,7.0,3.0
G_01_67,1.765,4.069,2.0,2.0
A_01_043,3.400,4.526,2.0,3.0
F_02_17,4.692,6.645,7.0,3.0
F_01_57,4.704,3.485,7.0,2.0
C_03_066,2.533,6.806,7.0,3.0
B_03_042,3.920,3.967,2.0,3.0
E_01_102,0.000,4.520,7.0,3.0
A_01_057,3.097,4.053,2.0,3.0
G_03_73,2.692,1.300,2.0,5.0
E_03_5,2.000,2.455,2.0,5.0
G_01_69,5.630,2.633,1.0,3.0
A_01_084,5.097,2.457,2.0,2.0
E_03_78,2.048,4.161,7.0,3.0
A_03_004,3.800,1.762,2.0,4.0
F_03_32,4.346,3.545,7.0,2.0
A_03_033,5.120,1.524,2.0,5.0
C_03_030,4.533,2.361,2.0,2.0
G_03_6,3.963,1.800,2.0,5.0
E_03_13,4.467,2.719,3.0,5.0
G_01_30,4.741,4.448,2.0,5.0
B_01_020,5.625,2.259,1.0,4.0
G_01_9,6.000,2.167,1.0,3.0
E_02_38,5.813,2.133,1.0,2.0
B_02_086,4.880,2.200,2.0,3.0
G_01_4,6.259,1.833,3.0,3.0
G_02_83,4.370,2.355,3.0,3.0
C_01_020,5.633,3.633,3.0,3.0
A_01_039,4.548,5.333,2.0,2.0
F_03_60,3.926,3.094,3.0,3.0
C_02_029,4.000,1.222,2.0,3.0
A_01_042,3.935,2.718,2.0,5.0
G_01_94,3.333,1.700,2.0,3.0
B_01_076,2.250,4.654,2.0,5.0
E_02_91,4.406,2.500,3.0,4.0
E_01_17,3.371,1.577,7.0,5.0
E_02_83,3.645,2.310,7.0,5.0
D_03_067,3.192,5.792,2.0,5.0
G_01_37,4.148,4.107,7.0,5.0
F_02_30,3.630,5.133,7.0,3.0
E_02_24,4.500,2.700,3.0,5.0
A_02_037,3.440,3.267,2.0,4.0
C_03_035,4.333,1.364,2.0,5.0
G_01_2,3.680,4.233,7.0,3.0
G_03_12,4.889,5.900,7.0,5.0
E_03_74,4.400,3.226,2.0,2.0
C_03_020,2.800,2.917,2.0,4.0
E_02_16,4.438,6.774,7.0,3.0
G_01_86,2.120,2.000,2.0,5.0
C_01_071,3.967,1.333,2.0,3.0
A_03_048,5.400,3.810,2.0,3.0
C_03_063,2.762,3.086,2.0,4.0
G_02_98,6.815,6.258,7.0,2.0
F_03_93,4.963,2.813,7.0,2.0
E_02_11,5.219,4.967,7.0,2.0
G_02_5,3.222,6.000,7.0,3.0
A_03_087,5.083,2.476,2.0,5.0
B_03_010,5.320,1.100,4.0,5.0
G_01_34,4.630,4.966,7.0,3.0
A_01_047,4.323,3.579,2.0,5.0
B_01_011,5.760,3.871,7.0,2.0
F_01_86,1.917,1.594,2.0,2.0
F_02_50,5.815,4.000,7.0,5.0
D_02_041,2.261,1.548,2.0,2.0
C_02_019,3.067,2.704,7.0,3.0
E_01_70,4.114,5.320,7.0,4.0
D_03_028,1.333,4.458,2.0,5.0
F_02_89,4.630,5.419,3.0,5.0
G_02_85,5.667,2.067,6.0,5.0
D_03_055,3.423,6.739,7.0,2.0
E_01_61,1.773,2.800,2.0,5.0
C_03_054,3.586,5.972,2.0,3.0
D_01_010,5.704,3.595,7.0,4.0
F_01_67,2.333,5.156,2.0,3.0
E_01_15,4.714,1.346,2.0,5.0
E_01_81,5.571,6.160,3.0,3.0
C_03_018,5.000,1.833,3.0,3.0
G_01_92,3.462,5.258,2.0,1.0
A_01_068,2.524,1.595,2.0,3.0
A_01_062,5.290,4.368,2.0,5.0
B_02_075,5.125,1.600,2.0,6.0
C_01_047,3.800,1.800,3.0,3.0
F_03_54,4.259,4.844,2.0,5.0
G_03_27,4.926,6.550,3.0,5.0
B_03_086,4.640,2.367,3.0,3.0
E_01_19,5.543,3.077,3.0,3.0
A_02_012,4.704,1.900,2.0,2.0
G_01_90,5.444,1.724,7.0,2.0
C_01_058,4.100,3.767,3.0,3.0
C_02_047,4.633,4.161,3.0,3.0
B_02_027,3.960,3.300,7.0,2.0
F_01_12,3.240,4.063,7.0,3.0
G_01_103,4.593,2.367,2.0,5.0
D_03_041,4.538,3.040,7.0,5.0
B_02_037,4.958,1.433,2.0,3.0
C_02_003,4.633,4.593,2.0,3.0
B_02_087,3.440,4.300,2.0,3.0
G_01_52,5.963,2.000,2.0,4.0
F_03_66,4.769,4.194,7.0,5.0
C_03_044,5.400,2.914,3.0,3.0
A_01_048,3.032,2.923,7.0,2.0
A_02_007,3.148,1.467,2.0,2.0
B_01_013,4.583,4.481,2.0,5.0
D_03_092,4.269,1.320,2.0,2.0
C_03_012,3.967,3.222,2.0,3.0
E_03_77,2.143,3.969,2.0,5.0
E_01_28,2.286,4.440,7.0,5.0
B_02_019,3.760,5.567,7.0,3.0
D_02_092,3.654,2.516,2.0,5.0
F_02_42,1.714,2.400,2.0,5.0
E_01_18,1.800,2.654,2.0,5.0
D_01_086,3.259,4.600,7.0,4.0
E_03_53,4.200,4.033,7.0,5.0
A_02_018,1.800,6.290,7.0,3.0
F_02_85,3.815,5.645,7.0,5.0
F_01_9,2.231,2.667,2.0,3.0
E_03_101,2.033,5.875,2.0,3.0
D_01_090,4.222,2.233,2.0,5.0
A_03_025,6.000,4.238,2.0,3.0
D_01_083,1.875,4.833,2.0,3.0
G_01_93,5.037,5.323,7.0,3.0
F_03_71,5.444,2.091,7.0,5.0
F_03_94,4.815,3.938,7.0,2.0
F_01_20,4.640,5.545,7.0,2.0
F_01_45,3.217,3.970,7.0,3.0
C_01_008,5.333,2.800,7.0,3.0
B_03_024,4.840,4.379,3.0,2.0
B_01_030,5.000,5.519,3.0,3.0
F_02_72,4.222,1.903,3.0,3.0
E_01_9,3.719,3.615,2.0,5.0
G_01_17,2.955,3.100,2.0,4.0
A_02_052,4.556,4.433,2.0,2.0
D_02_052,4.609,1.452,7.0,5.0
A_02_033,6.074,1.433,2.0,5.0
E_01_71,5.714,1.880,2.0,5.0
C_02_016,2.967,6.889,7.0,3.0
G_03_9,4.185,6.600,7.0,5.0
D_02_090,5.556,1.800,7.0,4.0
E_03_17,6.200,1.219,2.0,2.0
D_01_040,4.519,6.667,2.0,3.0
A_02_040,5.481,7.000,2.0,3.0
C_02_013,5.933,5.667,7.0,3.0
F_02_97,4.333,1.774,7.0,3.0
G_03_67,5.115,1.500,3.0,4.0
C_01_082,3.552,1.267,2.0,3.0
G_03_32,5.259,1.750,7.0,3.0
G_03_89,0.000,2.045,2.0,5.0
A_01_053,2.387,5.000,2.0,3.0
E_02_12,3.813,3.467,2.0,5.0
D_01_060,4.741,1.529,2.0,5.0
B_03_054,5.435,3.967,7.0,5.0
F_02_2,2.474,1.355,1.0,4.0
D_01_047,2.481,1.429,2.0,3.0
C_03_059,5.500,3.000,1.0,3.0
D_01_052,3.963,1.657,2.0,5.0
F_01_31,4.444,2.545,1.0,2.0
D_02_060,5.963,6.258,6.0,3.0
D_02_012,4.577,2.645,2.0,4.0
G_03_95,4.720,3.773,1.0,3.0
E_01_44,5.114,3.760,1.0,3.0
B_03_019,1.588,1.500,2.0,3.0
B_01_087,3.680,1.519,7.0,3.0
C_02_002,3.333,1.704,3.0,5.0
B_03_043,4.840,2.300,2.0,3.0
C_03_053,5.867,6.583,7.0,3.0
F_02_87,4.259,3.226,7.0,3.0
G_02_15,5.259,4.063,7.0,3.0
G_03_79,4.692,1.950,7.0,3.0
D_02_054,2.731,4.633,7.0,3.0
G_01_39,4.481,3.759,7.0,3.0
G_01_45,4.296,3.100,7.0,3.0
F_02_88,4.481,4.065,5.0,3.0
C_03_071,5.300,4.139,3.0,3.0
F_01_35,6.519,5.394,1.0,3.0
F_02_103,4.889,4.903,1.0,3.0
G_01_51,5.148,3.393,7.0,3.0
B_01_044,6.080,6.667,5.0,3.0
G_02_70,6.000,2.613,3.0,5.0
C_03_081,3.600,5.514,7.0,3.0
E_02_70,4.250,5.667,7.0,3.0
F_03_15,4.000,3.606,2.0,4.0
B_02_045,5.042,1.100,4.0,3.0
E_02_29,5.000,2.448,2.0,2.0
A_01_013,2.143,4.577,2.0,3.0
A_01_050,3.097,3.711,2.0,5.0
B_02_080,6.375,6.700,2.0,3.0
D_02_050,6.538,3.806,3.0,5.0
G_02_32,5.000,4.469,2.0,3.0
E_03_86,4.400,2.750,1.0,4.0
F_01_26,5.037,2.970,6.0,3.0
D_02_080,4.185,1.387,2.0,2.0
A_02_049,2.370,1.767,2.0,3.0
E_02_6,6.406,2.100,2.0,5.0
G_01_97,4.615,4.767,2.0,5.0
A_02_038,5.963,1.533,2.0,3.0
D_02_087,4.926,1.133,2.0,3.0
F_02_40,6.346,1.516,2.0,3.0
G_03_57,2.000,4.227,2.0,3.0
E_02_15,5.063,4.267,3.0,5.0
D_03_073,5.269,6.304,2.0,3.0
A_02_047,1.815,2.533,2.0,5.0
G_03_63,5.346,6.238,7.0,2.0
B_03_031,3.960,1.667,2.0,5.0
F_01_7,4.148,5.273,2.0,5.0
E_01_64,6.029,1.600,2.0,5.0
B_01_043,4.000,1.926,2.0,5.0
B_03_003,4.600,1.400,2.0,4.0
D_01_080,4.296,2.486,7.0,5.0
A_01_035,4.871,1.444,2.0,3.0
B_02_089,4.640,2.100,7.0,3.0
A_01_002,5.143,4.280,2.0,3.0
D_02_086,3.000,1.581,2.0,5.0
B_03_048,4.760,2.300,2.0,5.0
G_03_7,2.588,1.550,2.0,5.0
D_03_038,5.462,2.160,3.0,3.0
E_03_68,5.033,1.677,3.0,3.0
E_03_15,5.233,1.750,2.0,4.0
B_02_034,3.542,1.633,7.0,5.0
G_01_35,2.333,3.069,2.0,3.0
G_03_42,3.192,5.450,2.0,5.0
E_01_67,4.200,5.320,2.0,5.0
F_03_90,2.000,5.750,2.0,3.0
A_02_078,2.500,1.967,2.0,3.0
E_01_56,3.914,6.440,7.0,3.0
A_02_009,3.630,3.733,2.0,2.0
C_02_038,6.067,2.481,2.0,3.0
F_01_32,3.400,2.273,2.0,3.0
C_02_005,5.286,6.963,5.0,3.0
G_01_21,2.783,4.500,5.0,3.0
B_01_056,4.520,1.222,2.0,5.0
F_03_59,4.296,6.406,7.0,5.0
F_02_84,2.435,5.484,2.0,5.0
C_01_019,4.100,3.633,3.0,3.0
A_02_022,3.556,3.933,2.0,4.0
D_02_011,4.407,1.032,2.0,3.0
E_02_87,4.406,3.968,1.0,2.0
C_01_006,6.100,4.633,7.0,3.0
A_03_023,3.080,5.714,2.0,5.0
F_02_31,2.926,6.200,2.0,3.0
F_01_15,5.370,1.727,3.0,2.0
C_02_063,5.333,1.444,2.0,2.0
E_01_69,4.344,6.840,1.0,3.0
C_01_028,3.500,3.433,7.0,5.0
F_01_75,4.815,2.848,3.0,3.0
D_03_043,5.346,1.667,7.0,4.0
B_03_016,4.920,1.167,2.0,5.0
D_03_084,3.692,4.520,7.0,3.0
F_02_65,4.000,2.871,2.0,5.0
G_02_17,2.652,2.125,3.0,5.0
G_02_90,3.630,5.152,2.0,5.0
F_01_22,2.870,1.606,2.0,3.0
E_02_28,1.579,3.000,2.0,5.0
C_01_018,4.931,1.200,2.0,3.0
A_03_005,2.522,2.190,2.0,3.0
G_02_101,4.667,2.250,1.0,5.0
G_02_39,4.120,2.903,7.0,5.0
B_03_006,4.560,1.567,2.0,2.0
B_01_039,5.800,1.593,2.0,5.0
E_02_61,4.594,3.571,7.0,3.0
A_03_083,1.720,7.000,2.0,3.0
E_01_43,3.406,1.560,2.0,3.0
C_03_061,4.333,4.800,2.0,3.0
A_02_006,3.111,3.567,2.0,5.0
D_02_072,3.444,6.419,7.0,5.0
B_02_040,3.760,3.000,2.0,2.0
G_02_89,6.222,4.733,1.0,3.0
B_02_016,5.880,2.000,7.0,5.0
A_01_061,4.484,1.568,2.0,5.0
D_02_057,6.111,4.806,7.0,5.0
G_01_102,4.148,4.258,7.0,5.0
E_01_89,4.686,5.231,2.0,5.0
F_01_81,2.962,3.625,2.0,5.0
E_02_78,1.731,3.533,2.0,5.0
E_03_16,2.100,4.844,2.0,3.0
A_01_019,3.548,3.487,7.0,3.0
C_03_013,5.900,4.583,7.0,5.0
E_01_25,6.771,3.231,7.0,5.0
B_03_075,3.680,2.433,2.0,5.0
B_02_047,4.400,1.367,3.0,3.0
B_01_033,5.360,2.444,7.0,4.0
E_01_33,5.800,5.692,7.0,5.0
F_01_70,5.111,5.375,7.0,2.0
G_01_11,4.296,6.300,7.0,5.0
F_01_56,4.480,6.576,7.0,4.0
C_02_057,5.567,2.889,2.0,5.0
C_01_030,3.724,2.300,7.0,2.0
G_02_78,5.667,2.290,7.0,3.0
A_02_031,6.963,1.600,2.0,3.0
F_03_22,2.852,1.515,7.0,3.0
A_03_079,3.480,6.571,2.0,5.0
C_02_073,4.033,4.667,2.0,5.0
G_03_19,6.037,3.211,1.0,3.0
F_03_27,6.481,4.273,7.0,3.0
C_02_065,3.967,2.481,3.0,2.0
B_02_032,4.478,2.167,7.0,5.0
C_03_072,4.433,3.028,2.0,5.0
D_03_015,4.615,1.682,2.0,5.0
B_03_056,5.560,2.667,4.0,3.0
B_02_079,6.040,1.600,2.0,2.0
D_03_077,4.654,2.560,7.0,1.0
E_02_37,4.906,3.167,2.0,4.0
D_01_009,5.000,4.206,6.0,5.0
D_03_053,4.154,2.720,2.0,3.0
B_02_065,4.520,1.700,3.0,5.0
G_03_13,3.000,3.350,2.0,3.0
D_02_084,6.407,6.581,1.0,5.0
C_02_054,5.867,3.148,1.0,3.0
B_02_025,3.880,2.000,6.0,5.0
F_03_70,2.000,4.813,2.0,5.0
G_01_46,4.667,3.500,2.0,5.0
C_03_086,5.600,1.914,1.0,4.0
B_02_035,6.240,1.700,1.0,3.0
B_01_088,5.800,3.259,1.0,5.0
A_03_077,2.696,6.381,7.0,3.0
A_02_046,2.926,4.100,2.0,3.0
E_03_46,4.667,1.167,3.0,3.0
C_01_041,6.233,3.367,1.0,3.0
D_01_067,6.269,3.306,1.0,3.0
D_03_025,5.154,1.583,2.0,3.0
F_03_25,6.185,1.970,7.0,3.0
B_02_029,4.960,2.100,7.0,4.0
A_02_048,2.286,2.533,2.0,2.0
A_03_042,5.480,4.190,2.0,4.0
E_02_75,4.188,4.800,7.0,4.0
G_02_80,4.654,6.059,3.0,5.0
D_01_015,5.333,1.176,2.0,3.0
D_03_094,3.000,5.750,7.0,3.0
E_03_22,6.000,3.781,2.0,5.0
G_02_23,4.926,2.419,3.0,3.0
C_01_053,4.867,2.700,2.0,3.0
A_03_018,1.739,2.762,2.0,3.0
C_02_074,5.033,4.593,1.0,5.0
A_01_049,3.000,2.737,2.0,3.0
C_02_028,5.933,1.259,2.0,3.0
B_02_076,5.360,4.667,7.0,3.0
C_03_031,4.200,3.278,2.0,4.0
E_03_75,5.207,1.548,2.0,2.0
B_03_059,6.739,1.733,7.0,4.0
E_02_92,5.563,4.613,7.0,5.0
B_03_023,5.320,2.500,2.0,4.0
B_03_014,2.125,4.600,2.0,2.0
C_02_015,4.100,3.593,7.0,5.0
F_01_2,5.704,2.788,1.0,3.0
E_02_50,3.594,5.067,7.0,5.0
F_03_91,3.308,5.188,7.0,5.0
B_01_063,3.840,5.704,2.0,3.0
D_01_051,5.593,6.571,7.0,2.0
G_02_87,3.385,5.719,7.0,3.0
B_01_055,6.080,1.889,3.0,3.0
C_03_050,5.667,1.389,3.0,3.0
F_02_79,5.963,6.871,7.0,3.0
D_01_058,5.704,3.229,1.0,3.0
B_02_015,5.440,1.267,2.0,5.0
D_01_020,4.481,1.000,3.0,3.0
G_03_74,6.885,2.800,1.0,3.0
D_01_024,5.889,1.086,6.0,3.0
D_02_065,6.889,6.839,1.0,3.0
D_03_013,4.962,1.375,3.0,3.0
F_01_52,6.222,2.576,1.0,3.0
E_02_81,5.250,2.828,1.0,2.0
E_01_11,4.429,5.115,3.0,5.0
G_02_3,2.556,2.813,2.0,5.0
D_03_036,4.192,6.565,5.0,3.0
D_01_034,3.148,6.394,2.0,4.0
E_03_42,3.533,2.100,2.0,3.0
B_02_056,3.958,4.667,7.0,5.0
D_01_057,4.333,3.742,7.0,2.0
